vehicle_id,vehicle_type,stop_id,cargo_type,x_km,y_km,arrival_hhmm,arrival_min,service_min,packages,has_hazard,expiration_min
G1-01,Furgones Utilitarios Livianos,S0166,small,14.87,17.08,07:00,60,3.0,2,False,
G1-01,Furgones Utilitarios Livianos,S0014,small,13.35,16.71,07:09,69.2,3.0,2,False,
G1-01,Furgones Utilitarios Livianos,S0006,small,13.14,18.09,07:17,77.8,3.0,2,False,
G1-01,Furgones Utilitarios Livianos,S0018,small,12.4,13.85,07:37,98.0,3.0,2,False,
G1-01,Furgones Utilitarios Livianos,S0093,small,10.65,14.06,07:48,108.0,2.5,1,False,
G1-01,Furgones Utilitarios Livianos,S0008,small,11.68,14.82,09:00,180,3.5,3,True,
G1-01,Furgones Utilitarios Livianos,S0003,small,12.6,14.09,09:08,188.2,2.5,1,False,
G1-01,Furgones Utilitarios Livianos,S0063,small,12.6,14.01,09:11,191.0,3.0,2,False,
G1-01,Furgones Utilitarios Livianos,S0064,small,13.68,14.93,09:19,199.7,3.5,3,False,
G1-01,Furgones Utilitarios Livianos,S0004,small,13.29,15.94,09:27,207.5,3.5,3,False,
G1-01,Furgones Utilitarios Livianos,S0010,small,12.85,16.18,09:32,213.0,2.5,1,False,
G1-01,Furgones Utilitarios Livianos,S0001,small,12.57,16.08,09:36,216.7,3.0,2,False,
G1-01,Furgones Utilitarios Livianos,S0005,small,12.46,16.51,09:41,221.5,3.0,2,False,
G1-01,Furgones Utilitarios Livianos,S0012,small,12.32,17.08,09:46,226.8,3.5,3,False,
G1-01,Furgones Utilitarios Livianos,S0002,small,12.62,17.39,09:52,232.0,2.5,1,False,
G1-01,Furgones Utilitarios Livianos,S0169,small,13.11,18.19,09:58,238.3,2.5,1,False,
G1-01,Furgones Utilitarios Livianos,S0009,small,13.16,18.31,10:01,241.3,3.5,3,False,
G1-01,Furgones Utilitarios Livianos,S0168,small,13.91,18.08,10:07,247.9,3.5,3,False,
G1-01,Furgones Utilitarios Livianos,S0007,small,13.77,16.51,10:17,257.7,3.0,2,False,
G1-01,Furgones Utilitarios Livianos,S0013,small,14.1,15.98,10:23,263.2,3.5,3,True,
G1-02,Furgones Utilitarios Livianos,S0248,small,14.82,11.96,07:00,60,2.5,1,False,
G1-02,Furgones Utilitarios Livianos,S0068,small,14.89,11.93,07:02,62.8,3.5,3,True,
G1-02,Furgones Utilitarios Livianos,S0074,small,16.94,12.19,07:14,74.5,3.0,2,False,
G1-02,Furgones Utilitarios Livianos,S0250,small,17.27,12.44,07:19,79.2,2.5,1,False,
G1-02,Furgones Utilitarios Livianos,S0029,small,15.56,11.91,09:00,180,2.5,1,False,
G1-02,Furgones Utilitarios Livianos,S0052,small,15.22,11.58,09:04,184.4,2.5,1,False,
G1-02,Furgones Utilitarios Livianos,S0023,small,15.15,12.19,09:09,189.3,3.5,3,False,
G1-02,Furgones Utilitarios Livianos,S0059,small,14.99,12.25,09:13,193.5,3.0,2,False,
G1-02,Furgones Utilitarios Livianos,S0025,small,14.86,12.12,09:17,197.2,2.5,1,False,
G1-03,Furgones Utilitarios Livianos,S0051,small,20.97,17.62,07:21,81.3,3.0,2,False,
G1-03,Furgones Utilitarios Livianos,S0042,small,21.96,18.18,07:28,88.8,2.5,1,False,
G1-03,Furgones Utilitarios Livianos,S0038,small,22.11,17.75,07:33,93.2,3.0,2,True,
G1-03,Furgones Utilitarios Livianos,S0045,small,23.2,17.88,07:40,100.5,2.5,1,False,
G1-03,Furgones Utilitarios Livianos,S0048,small,21.89,19.39,07:51,111.0,2.5,1,False,
G1-03,Furgones Utilitarios Livianos,S0037,small,23.98,15.64,08:10,130.7,3.5,3,False,
G1-03,Furgones Utilitarios Livianos,S0049,small,24.3,17.28,09:00,180,3.0,2,False,
G1-03,Furgones Utilitarios Livianos,S0043,small,22.92,17.37,09:08,188.6,2.5,1,False,
G1-03,Furgones Utilitarios Livianos,S0050,small,21.89,16.49,09:16,196.5,3.0,2,False,
G1-03,Furgones Utilitarios Livianos,S0046,small,21.13,16.48,09:22,202.5,3.5,3,False,
G1-03,Furgones Utilitarios Livianos,S0047,small,21.23,15.54,09:29,209.8,3.5,3,False,
G1-03,Furgones Utilitarios Livianos,S0039,small,19.69,16.99,09:41,221.7,3.0,2,False,
G1-03,Furgones Utilitarios Livianos,S0035,small,20.22,17.55,09:47,227.8,3.5,3,False,
G1-03,Furgones Utilitarios Livianos,S0036,small,22.19,18.85,10:00,240.7,3.5,3,False,
G1-04,Furgones Utilitarios Livianos,S0015,small,13.96,14.67,07:00,60,2.5,1,False,
G1-04,Furgones Utilitarios Livianos,S0011,small,13.59,14.16,07:05,65.0,3.0,2,False,
G1-04,Furgones Utilitarios Livianos,S0054,small,14.78,13.1,07:14,74.4,2.5,1,False,
G1-04,Furgones Utilitarios Livianos,S0084,small,14.7,12.56,07:19,79.1,3.5,3,False,
G1-04,Furgones Utilitarios Livianos,S0055,small,15.41,12.69,07:25,85.5,3.0,2,False,
G1-04,Furgones Utilitarios Livianos,S0193,small,16.9,12.88,07:34,94.5,3.5,3,False,
G1-04,Furgones Utilitarios Livianos,S0033,small,16.95,12.76,09:00,180,3.5,3,False,
G1-04,Furgones Utilitarios Livianos,S0067,small,16.17,14.16,09:09,189.9,3.0,2,False,
G1-04,Furgones Utilitarios Livianos,S0249,small,15.95,14.07,09:13,193.9,2.5,1,False,
G1-04,Furgones Utilitarios Livianos,S0066,small,15.53,13.57,09:19,199.0,3.5,3,True,
G1-04,Furgones Utilitarios Livianos,S0072,small,15.34,12.98,09:24,205.0,3.0,2,False,
G1-04,Furgones Utilitarios Livianos,S0065,small,14.66,14.02,09:32,212.9,2.5,1,False,
G1-04,Furgones Utilitarios Livianos,S0061,small,14.13,14.75,09:39,219.1,2.5,1,False,
G1-04,Furgones Utilitarios Livianos,S0016,small,13.64,14.07,09:44,224.9,3.5,3,False,
G1-04,Furgones Utilitarios Livianos,S0081,small,13.34,13.3,09:51,231.7,2.5,1,False,
G1-04,Furgones Utilitarios Livianos,S0062,small,12.99,13.2,09:55,235.6,3.0,2,True,
G1-04,Furgones Utilitarios Livianos,S0082,small,12.1,13.52,10:02,242.4,3.5,3,False,
G1-04,Furgones Utilitarios Livianos,S0247,small,13.36,12.26,10:13,253.1,3.0,2,False,
G1-04,Furgones Utilitarios Livianos,S0060,small,15.22,15.16,10:29,269.8,2.5,1,False,
G1-05,Furgones Utilitarios Livianos,S0056,small,14.49,11.18,07:00,60,2.5,1,False,
G1-05,Furgones Utilitarios Livianos,S0073,small,14.58,10.28,07:06,66.1,2.5,1,False,
G1-05,Furgones Utilitarios Livianos,S0069,small,14.17,9.6,07:11,71.8,3.0,2,False,
G1-05,Furgones Utilitarios Livianos,S0203,small,12.91,10.02,07:20,80.1,3.0,2,False,
G1-05,Furgones Utilitarios Livianos,S0070,small,12.91,11.28,07:28,88.1,3.5,3,False,
G1-05,Furgones Utilitarios Livianos,S0080,small,12.97,11.66,07:33,93.2,3.0,2,False,
G1-05,Furgones Utilitarios Livianos,S0058,small,13.75,11.51,09:00,180,3.5,3,False,
G1-05,Furgones Utilitarios Livianos,S0071,small,13.79,11.32,09:04,184.3,3.5,3,False,
G1-05,Furgones Utilitarios Livianos,S0034,small,13.84,11.15,09:08,188.5,3.5,3,False,
G1-05,Furgones Utilitarios Livianos,S0243,small,14.0,11.73,09:14,194.4,3.5,3,False,
G1-05,Furgones Utilitarios Livianos,S0022,small,14.07,11.76,09:18,198.2,2.5,1,True,
G1-05,Furgones Utilitarios Livianos,S0027,small,14.54,11.58,09:22,202.7,2.5,1,False,
G1-05,Furgones Utilitarios Livianos,S0032,small,14.67,11.47,09:25,205.8,2.5,1,False,
G1-05,Furgones Utilitarios Livianos,S0024,small,15.0,11.15,09:30,210.2,2.5,1,False,
G1-05,Furgones Utilitarios Livianos,S0057,small,14.93,10.6,09:34,214.9,3.5,3,False,
G1-05,Furgones Utilitarios Livianos,S0242,small,13.44,10.42,09:44,224.4,3.0,2,False,
G1-05,Furgones Utilitarios Livianos,S0028,small,12.12,11.53,09:54,234.3,2.5,1,False,
G1-05,Furgones Utilitarios Livianos,S0026,small,11.71,12.17,09:59,239.8,3.5,3,False,
G1-06,Furgones Utilitarios Livianos,S0163,small,9.78,16.1,07:07,67.5,3.5,3,False,
G1-06,Furgones Utilitarios Livianos,S0017,small,8.86,15.43,07:15,75.6,3.5,3,True,
G1-06,Furgones Utilitarios Livianos,S0088,small,7.4,16.38,07:26,86.1,2.5,1,False,
G1-06,Furgones Utilitarios Livianos,S0101,small,7.34,17.36,07:32,92.5,2.5,1,False,
G1-06,Furgones Utilitarios Livianos,S0094,small,7.36,14.2,07:47,107.6,3.5,3,False,
G1-06,Furgones Utilitarios Livianos,S0102,small,7.55,12.83,07:56,116.7,3.5,3,False,
G1-06,Furgones Utilitarios Livianos,S0100,small,4.71,13.37,08:11,131.7,3.0,2,True,
G1-06,Furgones Utilitarios Livianos,S0086,small,4.41,12.43,09:00,180,3.0,2,True,
G1-06,Furgones Utilitarios Livianos,S0098,small,7.3,13.8,09:15,195.8,3.0,2,False,
G1-06,Furgones Utilitarios Livianos,S0096,small,7.54,14.7,09:22,202.5,3.5,3,False,
G1-06,Furgones Utilitarios Livianos,S0092,small,8.18,15.23,09:29,209.4,3.0,2,False,
G1-06,Furgones Utilitarios Livianos,S0090,small,8.49,14.61,09:35,215.1,3.0,2,False,
G1-06,Furgones Utilitarios Livianos,S0091,small,8.82,13.54,09:42,222.6,3.5,3,False,
G1-06,Furgones Utilitarios Livianos,S0099,small,7.98,13.11,09:49,229.9,3.0,2,False,
G1-06,Furgones Utilitarios Livianos,S0089,small,7.19,16.2,10:05,245.7,3.5,3,True,
G1-06,Furgones Utilitarios Livianos,S0095,small,7.57,16.87,10:12,252.2,3.0,2,False,
G1-06,Furgones Utilitarios Livianos,S0087,small,6.64,17.04,10:19,259.0,2.5,1,False,
G1-07,Furgones Utilitarios Livianos,S0116,small,8.27,11.37,07:34,94.3,2.5,1,False,
G1-07,Furgones Utilitarios Livianos,S0110,small,7.15,10.23,07:43,103.2,3.5,3,False,
G1-07,Furgones Utilitarios Livianos,S0108,small,6.12,9.22,07:52,112.5,3.5,3,False,
G1-07,Furgones Utilitarios Livianos,S0218,small,6.94,8.57,08:00,120.2,2.5,1,False,
G1-07,Furgones Utilitarios Livianos,S0119,small,5.09,9.54,08:10,131.0,3.0,2,False,
G1-07,Furgones Utilitarios Livianos,S0112,small,4.35,9.24,08:17,137.2,3.5,3,False,
G1-07,Furgones Utilitarios Livianos,S0113,small,6.19,11.4,08:32,152.1,3.0,2,False,
G1-07,Furgones Utilitarios Livianos,S0103,small,8.92,9.62,08:48,168.1,3.5,3,False,
G1-07,Furgones Utilitarios Livianos,S0207,small,8.23,8.95,09:00,180,3.5,3,False,
G1-07,Furgones Utilitarios Livianos,S0205,small,8.94,8.13,09:07,187.9,3.5,3,False,
G1-07,Furgones Utilitarios Livianos,S0104,small,8.26,7.47,09:15,195.1,3.5,3,False,
G1-07,Furgones Utilitarios Livianos,S0117,small,7.74,7.26,09:20,200.9,2.5,1,False,
G1-07,Furgones Utilitarios Livianos,S0111,small,6.87,9.39,09:32,212.6,3.0,2,False,
G1-07,Furgones Utilitarios Livianos,S0115,small,7.68,10.28,09:40,220.4,3.5,3,False,
G1-07,Furgones Utilitarios Livianos,S0109,small,7.1,10.71,09:46,226.8,3.5,3,False,
G1-08,Furgones Utilitarios Livianos,S0162,small,8.71,18.74,07:30,90.3,2.5,1,False,
G1-08,Furgones Utilitarios Livianos,S0124,small,8.65,19.29,07:35,95.0,2.5,1,False,
G1-08,Furgones Utilitarios Livianos,S0120,small,8.57,20.68,07:43,103.1,3.5,3,False,
G1-08,Furgones Utilitarios Livianos,S0157,small,7.44,21.51,07:52,112.2,3.0,2,False,
G1-08,Furgones Utilitarios Livianos,S0128,small,6.95,20.56,07:59,119.4,2.5,1,False,
G1-08,Furgones Utilitarios Livianos,S0133,small,6.78,19.85,08:04,124.9,2.5,1,False,
G1-08,Furgones Utilitarios Livianos,S0097,small,4.81,18.68,08:16,136.5,3.0,2,False,
G1-08,Furgones Utilitarios Livianos,S0131,small,4.4,19.24,09:00,180,3.0,2,False,
G1-08,Furgones Utilitarios Livianos,S0156,small,7.09,18.5,09:14,194.2,3.0,2,False,
G1-08,Furgones Utilitarios Livianos,S0132,small,7.46,18.95,09:19,199.5,3.5,3,False,
G1-08,Furgones Utilitarios Livianos,S0125,small,7.76,19.34,09:24,205.0,3.5,3,False,
G1-08,Furgones Utilitarios Livianos,S0127,small,8.04,18.71,09:31,211.2,3.5,3,False,
G1-08,Furgones Utilitarios Livianos,S0122,small,9.32,17.85,09:40,220.9,3.0,2,False,
G1-08,Furgones Utilitarios Livianos,S0167,small,8.97,20.63,09:55,235.1,3.0,2,False,
G1-08,Furgones Utilitarios Livianos,S0160,small,9.43,21.52,10:02,242.1,3.0,2,False,
G1-08,Furgones Utilitarios Livianos,S0136,small,7.5,21.47,10:12,252.8,3.5,3,True,
G1-09,Furgones Utilitarios Livianos,S0146,small,17.93,15.84,07:00,60,3.0,2,False,
G1-09,Furgones Utilitarios Livianos,S0200,small,18.75,15.71,07:06,66.3,3.5,3,False,
G1-09,Furgones Utilitarios Livianos,S0141,small,17.73,17.65,07:18,78.6,3.5,3,True,
G1-09,Furgones Utilitarios Livianos,S0143,small,16.62,19.44,07:30,90.5,3.0,2,False,
G1-09,Furgones Utilitarios Livianos,S0137,small,16.37,19.87,07:35,95.5,2.5,1,False,
G1-09,Furgones Utilitarios Livianos,S0152,small,16.68,20.18,07:39,99.7,3.0,2,False,
G1-09,Furgones Utilitarios Livianos,S0148,small,16.9,20.2,07:43,103.6,3.0,2,False,
G1-09,Furgones Utilitarios Livianos,S0182,small,16.39,21.46,07:52,112.1,3.5,3,False,
G1-09,Furgones Utilitarios Livianos,S0145,small,17.31,21.01,09:00,180,3.5,3,False,
G1-09,Furgones Utilitarios Livianos,S0149,small,17.52,20.33,09:06,186.3,2.5,1,False,
G1-09,Furgones Utilitarios Livianos,S0150,small,18.1,19.93,09:11,191.7,3.5,3,False,
G1-09,Furgones Utilitarios Livianos,S0142,small,18.7,19.04,09:19,199.5,3.0,2,False,
G1-09,Furgones Utilitarios Livianos,S0147,small,19.01,18.68,09:24,204.4,2.5,1,False,
G1-09,Furgones Utilitarios Livianos,S0151,small,19.25,19.51,09:30,210.3,2.5,1,False,
G1-09,Furgones Utilitarios Livianos,S0040,small,20.39,19.58,09:37,217.4,2.5,1,False,
G1-09,Furgones Utilitarios Livianos,S0144,small,18.81,20.77,09:47,227.8,3.0,2,False,
G1-09,Furgones Utilitarios Livianos,S0153,small,18.26,21.81,09:55,235.5,2.5,1,False,
G1-09,Furgones Utilitarios Livianos,S0138,small,16.12,18.83,10:12,252.7,3.5,3,False,
G1-09,Furgones Utilitarios Livianos,S0140,small,15.53,19.09,10:18,258.8,2.5,1,False,
G1-10,Furgones Utilitarios Livianos,S0135,small,11.5,19.72,07:13,73.5,3.0,2,False,
G1-10,Furgones Utilitarios Livianos,S0130,small,10.54,20.2,07:20,80.8,3.5,3,False,
G1-10,Furgones Utilitarios Livianos,S0121,small,10.37,19.91,07:25,85.6,3.5,3,True,
G1-10,Furgones Utilitarios Livianos,S0155,small,10.39,19.42,07:31,91.1,2.5,1,False,
G1-10,Furgones Utilitarios Livianos,S0134,small,10.01,19.31,09:00,180,2.5,1,False,
G1-10,Furgones Utilitarios Livianos,S0154,small,10.23,18.89,09:04,184.4,2.5,1,False,
G1-10,Furgones Utilitarios Livianos,S0161,small,10.91,19.21,09:09,189.9,3.0,2,False,
G1-10,Furgones Utilitarios Livianos,S0164,small,11.16,19.09,09:14,194.0,3.0,2,False,
G1-10,Furgones Utilitarios Livianos,S0165,small,11.06,18.94,09:17,197.8,2.5,1,False,
G1-10,Furgones Utilitarios Livianos,S0158,small,11.6,18.39,09:23,203.4,2.5,1,False,
G1-10,Furgones Utilitarios Livianos,S0170,small,12.31,19.68,09:31,211.8,2.5,1,False,
G1-10,Furgones Utilitarios Livianos,S0123,small,11.37,21.54,09:42,222.6,3.0,2,False,
G1-10,Furgones Utilitarios Livianos,S0126,small,9.86,20.69,09:52,232.5,3.5,3,False,
G1-11,Furgones Utilitarios Livianos,S0174,small,15.65,24.35,07:54,114.9,2.5,1,True,
G1-11,Furgones Utilitarios Livianos,S0180,small,14.22,24.98,08:03,123.7,3.5,3,True,
G1-11,Furgones Utilitarios Livianos,S0172,small,13.09,24.36,08:12,132.3,2.5,1,False,
G1-11,Furgones Utilitarios Livianos,S0175,small,13.31,26.41,08:23,143.1,3.5,3,False,
G1-11,Furgones Utilitarios Livianos,S0181,small,17.38,25.1,08:43,163.6,3.0,2,False,
G1-11,Furgones Utilitarios Livianos,S0171,small,16.34,24.47,09:00,180,3.0,2,False,
G1-11,Furgones Utilitarios Livianos,S0179,small,15.36,25.46,09:08,188.6,3.0,2,False,
G1-11,Furgones Utilitarios Livianos,S0173,small,14.6,26.66,09:17,197.3,2.5,1,False,
G1-11,Furgones Utilitarios Livianos,S0178,small,13.44,24.88,09:28,208.3,3.0,2,False,
G1-11,Furgones Utilitarios Livianos,S0183,small,12.87,22.6,09:40,220.6,3.0,2,False,
G1-11,Furgones Utilitarios Livianos,S0177,small,12.16,22.44,09:46,226.6,3.0,2,False,
G1-11,Furgones Utilitarios Livianos,S0129,small,12.36,21.53,09:53,233.3,3.0,2,False,
G1-11,Furgones Utilitarios Livianos,S0176,small,13.84,22.42,10:03,243.2,3.5,3,False,
G1-11,Furgones Utilitarios Livianos,S0186,small,14.28,22.45,10:08,248.5,3.5,3,False,
G1-11,Furgones Utilitarios Livianos,S0185,small,16.08,22.93,10:19,259.4,2.5,1,False,
G1-11,Furgones Utilitarios Livianos,S0139,small,17.3,22.44,10:27,267.2,3.0,2,False,
G1-11,Furgones Utilitarios Livianos,S0159,small,11.58,23.24,10:53,293.3,3.0,2,False,
G1-12,Furgones Utilitarios Livianos,S0197,small,18.9,14.47,07:00,60,3.0,2,False,
G1-12,Furgones Utilitarios Livianos,S0201,small,18.9,13.84,07:05,65.5,3.5,3,True,
G1-12,Furgones Utilitarios Livianos,S0202,small,20.62,12.37,07:18,78.1,3.0,2,True,
G1-12,Furgones Utilitarios Livianos,S0191,small,20.98,12.08,07:22,82.9,2.5,1,False,
G1-12,Furgones Utilitarios Livianos,S0190,small,22.03,12.09,09:00,180,2.5,1,False,
G1-12,Furgones Utilitarios Livianos,S0199,small,22.7,12.82,09:06,186.5,3.5,3,False,
G1-12,Furgones Utilitarios Livianos,S0198,small,22.13,13.13,09:12,192.5,3.0,2,False,
G1-12,Furgones Utilitarios Livianos,S0194,small,22.47,13.44,09:17,197.4,3.0,2,False,
G1-12,Furgones Utilitarios Livianos,S0188,small,21.54,13.85,09:24,204.5,2.5,1,False,
G1-12,Furgones Utilitarios Livianos,S0220,small,20.81,13.41,09:30,210.4,3.0,2,False,
G1-12,Furgones Utilitarios Livianos,S0187,small,20.47,13.26,09:34,214.8,3.5,3,False,
G1-12,Furgones Utilitarios Livianos,S0231,small,19.13,13.13,09:43,223.7,3.0,2,False,
G1-12,Furgones Utilitarios Livianos,S0041,small,21.82,14.95,09:59,239.7,2.5,1,False,
G1-12,Furgones Utilitarios Livianos,S0192,small,23.36,12.73,10:13,253.1,3.0,2,False,
G1-13,Furgones Utilitarios Livianos,S0213,small,10.42,10.62,07:19,79.1,3.0,2,False,
G1-13,Furgones Utilitarios Livianos,S0214,small,11.39,6.43,07:39,99.3,3.5,3,False,
G1-13,Furgones Utilitarios Livianos,S0215,small,11.4,6.55,09:00,180,3.5,3,False,
G1-13,Furgones Utilitarios Livianos,S0209,small,10.0,7.06,09:09,189.5,3.0,2,False,
G1-13,Furgones Utilitarios Livianos,S0208,small,10.17,7.62,09:14,194.8,3.5,3,False,
G1-13,Furgones Utilitarios Livianos,S0105,small,9.26,6.51,09:23,204.0,2.5,1,False,
G1-13,Furgones Utilitarios Livianos,S0114,small,8.76,6.94,09:29,209.1,3.5,3,False,
G1-13,Furgones Utilitarios Livianos,S0211,small,9.32,8.81,09:40,220.5,3.5,3,False,
G1-13,Furgones Utilitarios Livianos,S0216,small,10.17,9.06,09:47,227.5,3.0,2,False,
G1-13,Furgones Utilitarios Livianos,S0206,small,10.06,9.7,09:53,233.1,3.5,3,False,
G1-13,Furgones Utilitarios Livianos,S0106,small,10.07,10.96,10:01,241.7,2.5,1,False,
G1-13,Furgones Utilitarios Livianos,S0217,small,12.52,9.78,10:15,255.0,3.0,2,True,
G1-13,Furgones Utilitarios Livianos,S0079,small,12.99,8.56,10:23,263.3,3.5,3,False,
G1-13,Furgones Utilitarios Livianos,S0212,small,11.88,8.35,10:31,271.3,2.5,1,False,
G1-13,Furgones Utilitarios Livianos,S0204,small,13.06,7.27,10:40,280.3,3.5,3,False,
G1-13,Furgones Utilitarios Livianos,S0210,small,10.59,5.22,10:56,296.6,3.5,3,False,
G1-14,Furgones Utilitarios Livianos,S0234,small,20.09,9.89,07:29,89.0,2.5,1,False,
G1-14,Furgones Utilitarios Livianos,S0225,small,21.06,9.25,07:36,96.2,2.5,1,False,
G1-14,Furgones Utilitarios Livianos,S0219,small,21.92,9.87,07:42,102.9,3.5,3,False,
G1-14,Furgones Utilitarios Livianos,S0222,small,22.02,9.76,07:46,107.0,3.5,3,False,
G1-14,Furgones Utilitarios Livianos,S0224,small,21.81,10.52,07:53,113.7,3.5,3,False,
G1-14,Furgones Utilitarios Livianos,S0227,small,22.9,11.82,08:03,123.9,2.5,1,False,
G1-14,Furgones Utilitarios Livianos,S0221,small,23.69,12.52,08:10,130.7,3.5,3,True,
G1-14,Furgones Utilitarios Livianos,S0230,small,22.04,8.56,08:31,151.3,2.5,1,False,
G1-14,Furgones Utilitarios Livianos,S0226,small,21.64,8.48,09:00,180,3.5,3,False,
G1-14,Furgones Utilitarios Livianos,S0196,small,21.4,9.2,09:06,186.5,2.5,1,False,
G1-14,Furgones Utilitarios Livianos,S0228,small,20.85,7.82,09:14,194.9,2.5,1,False,
G1-14,Furgones Utilitarios Livianos,S0236,small,19.48,9.52,09:26,206.2,2.5,1,False,
G1-14,Furgones Utilitarios Livianos,S0232,small,21.68,11.32,09:40,220.0,2.5,1,False,
G1-14,Furgones Utilitarios Livianos,S0233,small,21.9,11.18,09:43,223.6,2.5,1,False,
G1-14,Furgones Utilitarios Livianos,S0189,small,21.71,11.62,09:47,228.0,2.5,1,False,
G1-14,Furgones Utilitarios Livianos,S0195,small,21.68,11.74,09:50,231.0,2.5,1,False,
G1-14,Furgones Utilitarios Livianos,S0229,small,22.6,10.92,09:58,238.4,3.5,3,False,
G1-14,Furgones Utilitarios Livianos,S0223,small,22.84,10.52,10:03,243.8,3.5,3,False,
G1-15,Furgones Utilitarios Livianos,S0077,small,17.01,11.13,07:00,60,3.5,3,False,
G1-15,Furgones Utilitarios Livianos,S0031,small,16.86,10.98,07:04,64.4,3.0,2,False,
G1-15,Furgones Utilitarios Livianos,S0244,small,17.62,11.34,07:10,70.7,3.0,2,False,
G1-15,Furgones Utilitarios Livianos,S0240,small,16.9,9.48,07:21,81.7,3.5,3,False,
G1-15,Furgones Utilitarios Livianos,S0021,small,15.5,9.52,07:30,90.8,3.5,3,False,
G1-15,Furgones Utilitarios Livianos,S0076,small,14.88,9.94,07:37,97.3,3.5,3,False,
G1-15,Furgones Utilitarios Livianos,S0019,small,15.31,10.48,07:43,103.6,3.0,2,False,
G1-15,Furgones Utilitarios Livianos,S0020,small,14.24,9.38,07:52,112.7,3.0,2,False,
G1-15,Furgones Utilitarios Livianos,S0083,small,17.48,8.01,08:09,129.7,2.5,1,False,
G1-15,Furgones Utilitarios Livianos,S0246,small,17.61,7.74,09:00,180,2.5,1,False,
G1-15,Furgones Utilitarios Livianos,S0239,small,16.45,9.22,09:10,190.0,2.5,1,False,
G1-15,Furgones Utilitarios Livianos,S0078,small,15.63,9.41,09:15,195.9,2.5,1,False,
G1-15,Furgones Utilitarios Livianos,S0085,small,15.55,9.88,09:20,200.3,3.0,2,False,
G1-15,Furgones Utilitarios Livianos,S0075,small,15.43,10.01,09:23,204.0,3.0,2,False,
G1-15,Furgones Utilitarios Livianos,S0030,small,16.03,10.51,09:30,210.1,3.0,2,False,
G1-15,Furgones Utilitarios Livianos,S0053,small,16.52,11.3,09:36,216.8,2.5,1,False,
G1-15,Furgones Utilitarios Livianos,S0237,small,16.34,11.44,09:40,220.2,3.0,2,False,
G1-15,Furgones Utilitarios Livianos,S0235,small,17.14,10.33,09:48,228.7,2.5,1,False,
G2-01,Camiones Medios con Rampa,G0162,general,14.97,14.79,09:00,180,3.0,2,False,
G2-01,Camiones Medios con Rampa,G0043,general,14.49,15.17,09:05,185.4,2.5,1,True,
G2-01,Camiones Medios con Rampa,G0035,general,14.71,15.68,09:10,190.2,2.5,1,True,
G2-01,Camiones Medios con Rampa,G0373,general,14.33,16.14,09:15,195.0,3.0,2,False,
G2-01,Camiones Medios con Rampa,G0030,general,14.58,16.73,09:20,200.6,3.5,3,False,
G2-01,Camiones Medios con Rampa,G0007,general,14.13,17.07,09:26,206.3,3.0,2,False,
G2-01,Camiones Medios con Rampa,G0379,general,14.26,17.47,09:31,211.0,3.0,2,True,
G2-01,Camiones Medios con Rampa,G0365,general,14.07,17.51,09:34,214.8,3.0,2,False,
G2-01,Camiones Medios con Rampa,G0149,general,13.75,17.87,09:39,219.7,2.5,1,False,
G2-01,Camiones Medios con Rampa,G0021,general,13.81,17.95,09:42,222.6,3.0,2,False,
G2-01,Camiones Medios con Rampa,G0038,general,14.55,17.6,09:48,228.9,3.0,2,False,
G2-01,Camiones Medios con Rampa,G0022,general,14.92,18.12,09:54,234.5,3.0,2,False,
G2-01,Camiones Medios con Rampa,G0023,general,14.89,18.28,09:58,238.1,3.0,2,False,
G2-01,Camiones Medios con Rampa,G0372,general,15.09,18.27,10:01,241.9,3.5,3,False,
G2-01,Camiones Medios con Rampa,G0126,general,14.88,18.76,10:07,247.5,3.5,3,False,
G2-01,Camiones Medios con Rampa,G0044,general,14.8,18.77,10:11,251.3,2.5,1,False,
G2-01,Camiones Medios con Rampa,G0032,general,14.55,18.82,10:14,254.8,2.5,1,False,
G2-01,Camiones Medios con Rampa,G0358,general,14.58,19.25,10:19,259.0,3.0,2,False,
G2-01,Camiones Medios con Rampa,G0008,general,14.12,19.71,10:24,264.7,3.0,2,False,
G2-01,Camiones Medios con Rampa,G0086,general,13.49,19.63,10:30,270.2,3.0,2,False,
G2-01,Camiones Medios con Rampa,G0027,general,13.56,18.86,10:36,276.3,3.5,3,True,
G2-01,Camiones Medios con Rampa,G0390,general,13.55,18.79,10:40,280.1,3.0,2,False,
G2-01,Camiones Medios con Rampa,G0012,general,15.29,17.48,10:51,291.8,3.0,2,False,
G2-01,Camiones Medios con Rampa,G0375,general,15.21,17.36,10:55,295.4,3.0,2,False,
G2-01,Camiones Medios con Rampa,G0033,general,15.48,17.38,10:59,299.4,3.0,2,True,
G2-01,Camiones Medios con Rampa,G0036,general,15.45,17.16,11:03,303.3,2.5,1,False,
G2-01,Camiones Medios con Rampa,G0040,general,15.59,17.0,11:06,306.7,3.5,3,True,
G2-01,Camiones Medios con Rampa,G0381,general,15.84,17.02,11:11,311.2,2.5,1,True,
G2-01,Camiones Medios con Rampa,G0377,general,15.96,16.99,11:14,314.2,3.5,3,False,
G2-01,Camiones Medios con Rampa,G0039,general,15.76,17.24,11:18,318.9,2.5,1,False,
G2-01,Camiones Medios con Rampa,G0014,general,15.96,17.34,11:22,322.3,3.5,3,False,
G2-01,Camiones Medios con Rampa,G0026,general,16.23,16.4,11:29,329.7,3.5,3,False,
G2-01,Camiones Medios con Rampa,G0029,general,16.35,15.92,11:35,335.2,2.5,1,False,
G2-01,Camiones Medios con Rampa,G0414,general,15.55,15.83,11:40,340.9,3.5,3,False,
G2-01,Camiones Medios con Rampa,G0006,general,15.16,16.52,11:47,347.6,3.5,3,True,
G2-01,Camiones Medios con Rampa,G0619,general,13.28,16.15,11:58,358.8,3.5,3,True,
G2-01,Camiones Medios con Rampa,G0037,general,13.2,16.41,12:03,363.3,3.0,2,False,
G2-01,Camiones Medios con Rampa,G0005,general,13.72,14.33,12:14,374.9,2.5,1,False,
G2-02,Camiones Medios con Rampa,G0067,general,12.51,19.88,09:00,180,3.5,3,False,
G2-02,Camiones Medios con Rampa,G0062,general,12.45,19.95,09:03,183.9,3.5,3,False,
G2-02,Camiones Medios con Rampa,G0076,general,12.0,20.06,09:09,189.2,3.5,3,True,
G2-02,Camiones Medios con Rampa,G0263,general,11.91,20.31,09:13,193.8,2.5,1,False,
G2-02,Camiones Medios con Rampa,G0082,general,11.12,20.69,09:19,199.8,3.0,2,False,
G2-02,Camiones Medios con Rampa,G0078,general,11.12,20.82,09:23,203.3,3.0,2,False,
G2-02,Camiones Medios con Rampa,G0055,general,11.31,21.23,09:28,208.1,3.0,2,False,
G2-02,Camiones Medios con Rampa,G0085,general,11.24,21.33,09:31,211.6,3.0,2,False,
G2-02,Camiones Medios con Rampa,G0064,general,11.61,21.52,09:36,216.3,3.5,3,False,
G2-02,Camiones Medios con Rampa,G0046,general,11.67,21.33,09:40,220.6,3.0,2,True,
G2-02,Camiones Medios con Rampa,G0063,general,12.0,21.31,09:44,224.9,3.5,3,False,
G2-02,Camiones Medios con Rampa,G0087,general,12.19,21.58,09:49,229.7,3.5,3,False,
G2-02,Camiones Medios con Rampa,G0072,general,12.43,21.66,09:54,234.2,2.5,1,True,
G2-02,Camiones Medios con Rampa,G0065,general,12.61,21.7,09:57,237.5,3.0,2,False,
G2-02,Camiones Medios con Rampa,G0071,general,12.56,21.88,10:01,241.2,3.5,3,False,
G2-02,Camiones Medios con Rampa,G0517,general,12.44,22.08,10:05,245.7,3.5,3,False,
G2-02,Camiones Medios con Rampa,G0084,general,12.28,21.98,10:09,249.9,3.5,3,True,
G2-02,Camiones Medios con Rampa,G0050,general,11.98,22.39,10:15,255.5,3.5,3,False,
G2-02,Camiones Medios con Rampa,G0069,general,11.55,22.3,10:20,260.7,3.5,3,False,
G2-02,Camiones Medios con Rampa,G0073,general,11.39,22.26,10:24,264.9,3.0,2,True,
G2-02,Camiones Medios con Rampa,G0049,general,11.11,22.17,10:29,269.1,2.5,1,False,
G2-02,Camiones Medios con Rampa,G0512,general,11.32,21.97,10:32,272.7,2.5,1,False,
G2-02,Camiones Medios con Rampa,G0501,general,11.69,21.9,10:36,276.8,3.0,2,False,
G2-02,Camiones Medios con Rampa,G0088,general,10.67,22.07,10:43,283.9,2.5,1,False,
G2-02,Camiones Medios con Rampa,G0230,general,10.65,21.54,10:48,288.6,2.5,1,False,
G2-02,Camiones Medios con Rampa,G0166,general,10.8,21.16,10:52,292.7,2.5,1,False,
G2-02,Camiones Medios con Rampa,G0502,general,10.51,22.87,11:02,302.1,3.0,2,False,
G2-02,Camiones Medios con Rampa,G0056,general,10.78,23.27,11:07,307.0,3.0,2,False,
G2-02,Camiones Medios con Rampa,G0066,general,10.05,23.03,11:13,313.1,2.5,1,False,
G2-02,Camiones Medios con Rampa,G0521,general,9.82,23.54,11:17,317.9,2.5,1,False,
G2-02,Camiones Medios con Rampa,G0061,general,9.58,23.94,11:22,322.2,3.0,2,False,
G2-02,Camiones Medios con Rampa,G0480,general,10.5,24.23,11:29,329.1,3.5,3,False,
G2-02,Camiones Medios con Rampa,G0052,general,10.84,24.28,11:33,334.0,2.5,1,False,
G2-02,Camiones Medios con Rampa,G0051,general,11.1,24.63,11:38,338.2,3.0,2,False,
G2-02,Camiones Medios con Rampa,G0081,general,11.79,23.4,11:46,346.8,2.5,1,False,
G2-02,Camiones Medios con Rampa,G0074,general,11.69,23.32,11:49,349.9,3.5,3,True,
G2-02,Camiones Medios con Rampa,G0047,general,11.74,23.1,11:54,354.2,2.5,1,False,
G2-02,Camiones Medios con Rampa,G0068,general,12.4,23.35,11:59,359.5,3.5,3,False,
G2-02,Camiones Medios con Rampa,G0059,general,12.4,23.4,12:03,363.3,3.0,2,False,
G2-02,Camiones Medios con Rampa,G0045,general,13.3,22.98,12:10,370.2,3.0,2,False,
G2-02,Camiones Medios con Rampa,G0080,general,13.61,23.26,12:14,374.9,3.0,2,False,
G2-02,Camiones Medios con Rampa,G0053,general,13.87,23.44,12:19,379.2,2.5,1,False,
G2-02,Camiones Medios con Rampa,G0048,general,13.04,21.93,12:28,388.6,3.5,3,False,
G2-02,Camiones Medios con Rampa,G0060,general,12.94,21.74,12:32,392.9,3.0,2,False,
G2-02,Camiones Medios con Rampa,G0083,general,12.8,20.39,12:41,401.3,2.5,1,False,
G2-03,Camiones Medios con Rampa,G0109,general,15.44,20.35,09:00,180,2.5,1,False,
G2-03,Camiones Medios con Rampa,G0107,general,15.39,20.56,09:03,183.4,2.5,1,False,
G2-03,Camiones Medios con Rampa,G0093,general,15.41,20.98,09:07,187.6,3.0,2,False,
G2-03,Camiones Medios con Rampa,G0095,general,14.89,21.25,09:12,192.9,2.5,1,False,
G2-03,Camiones Medios con Rampa,G0116,general,14.69,21.72,09:17,197.4,3.5,3,False,
G2-03,Camiones Medios con Rampa,G0104,general,15.0,21.77,09:22,202.2,2.5,1,False,
G2-03,Camiones Medios con Rampa,G0017,general,15.24,21.81,09:25,205.6,3.0,2,False,
G2-03,Camiones Medios con Rampa,G0125,general,15.31,21.81,09:28,208.9,3.0,2,False,
G2-03,Camiones Medios con Rampa,G0103,general,15.21,22.28,09:33,213.8,3.0,2,True,
G2-03,Camiones Medios con Rampa,G0111,general,15.26,22.47,09:37,217.6,3.5,3,False,
G2-03,Camiones Medios con Rampa,G0128,general,15.64,22.43,09:42,222.6,3.0,2,False,
G2-03,Camiones Medios con Rampa,G0108,general,15.86,22.52,09:46,226.6,2.5,1,False,
G2-03,Camiones Medios con Rampa,G0105,general,16.73,22.59,09:52,232.6,3.5,3,False,
G2-03,Camiones Medios con Rampa,G0122,general,16.51,23.39,09:59,239.4,3.5,3,False,
G2-03,Camiones Medios con Rampa,G0099,general,16.47,23.38,10:03,243.0,3.5,3,False,
G2-03,Camiones Medios con Rampa,G0120,general,16.64,23.88,10:08,248.6,2.5,1,False,
G2-03,Camiones Medios con Rampa,G0123,general,17.45,23.43,10:14,254.9,2.5,1,False,
G2-03,Camiones Medios con Rampa,G0112,general,17.61,23.32,10:18,258.1,2.5,1,False,
G2-03,Camiones Medios con Rampa,G0113,general,17.4,23.22,10:21,261.5,3.5,3,False,
G2-03,Camiones Medios con Rampa,G0091,general,18.31,22.41,10:29,269.9,3.5,3,True,
G2-03,Camiones Medios con Rampa,G0129,general,18.03,22.07,10:35,275.2,3.0,2,True,
G2-03,Camiones Medios con Rampa,G0117,general,18.31,21.47,10:40,280.8,3.0,2,False,
G2-03,Camiones Medios con Rampa,G0130,general,18.13,20.65,10:47,287.2,3.5,3,False,
G2-03,Camiones Medios con Rampa,G0387,general,16.82,20.88,10:56,296.0,3.5,3,False,
G2-03,Camiones Medios con Rampa,G0004,general,16.73,21.07,11:00,300.4,3.0,2,False,
G2-03,Camiones Medios con Rampa,G0114,general,16.87,21.34,11:04,304.6,3.0,2,False,
G2-03,Camiones Medios con Rampa,G0097,general,16.7,21.52,11:08,308.6,2.5,1,False,
G2-03,Camiones Medios con Rampa,G0100,general,16.78,20.62,11:14,314.7,3.0,2,True,
G2-03,Camiones Medios con Rampa,G0089,general,16.6,20.44,11:18,318.7,3.5,3,False,
G2-03,Camiones Medios con Rampa,G0018,general,16.46,20.27,11:23,323.0,2.5,1,False,
G2-03,Camiones Medios con Rampa,G0392,general,16.39,20.57,11:26,326.7,3.0,2,True,
G2-03,Camiones Medios con Rampa,G0127,general,15.75,21.55,11:34,334.5,3.0,2,False,
G2-03,Camiones Medios con Rampa,G0121,general,14.52,22.18,11:42,343.0,3.5,3,False,
G2-03,Camiones Medios con Rampa,G0054,general,14.59,22.85,11:49,349.1,3.0,2,False,
G2-03,Camiones Medios con Rampa,G0096,general,14.77,23.26,11:53,353.9,3.5,3,False,
G2-03,Camiones Medios con Rampa,G0058,general,14.08,23.53,12:00,360.4,2.5,1,False,
G2-03,Camiones Medios con Rampa,G0231,general,14.1,20.76,12:13,374.0,2.5,1,False,
G2-03,Camiones Medios con Rampa,G0110,general,14.39,20.71,12:17,377.7,3.5,3,False,
G2-03,Camiones Medios con Rampa,G0102,general,19.31,22.0,12:41,401.5,3.0,2,False,
G2-03,Camiones Medios con Rampa,G0092,general,19.36,24.26,12:53,413.6,3.5,3,False,
G2-03,Camiones Medios con Rampa,G0115,general,17.92,24.81,13:03,423.2,3.0,2,False,
G2-03,Camiones Medios con Rampa,G0132,general,17.64,24.78,13:07,427.4,2.5,1,False,
G2-03,Camiones Medios con Rampa,G0098,general,16.17,25.9,13:17,437.2,3.0,2,False,
G2-04,Camiones Medios con Rampa,G0158,general,10.69,15.28,09:00,180,3.0,2,False,
G2-04,Camiones Medios con Rampa,G0145,general,10.58,15.14,09:03,183.7,3.5,3,False,
G2-04,Camiones Medios con Rampa,G0554,general,10.22,15.22,09:08,188.7,3.5,3,False,
G2-04,Camiones Medios con Rampa,G0647,general,10.59,15.51,09:14,194.0,2.5,1,False,
G2-04,Camiones Medios con Rampa,G0135,general,10.68,15.65,09:17,197.2,3.5,3,True,
G2-04,Camiones Medios con Rampa,G0175,general,10.2,15.75,09:22,202.7,3.5,3,False,
G2-04,Camiones Medios con Rampa,G0173,general,10.02,16.02,09:27,207.5,3.0,2,False,
G2-04,Camiones Medios con Rampa,G0147,general,9.8,15.76,09:31,211.9,2.5,1,False,
G2-04,Camiones Medios con Rampa,G0154,general,9.45,15.96,09:35,216.0,2.5,1,False,
G2-04,Camiones Medios con Rampa,G0151,general,9.69,16.18,09:39,219.8,3.5,3,False,
G2-04,Camiones Medios con Rampa,G0560,general,9.4,16.31,09:44,224.6,2.5,1,False,
G2-04,Camiones Medios con Rampa,G0159,general,9.15,16.12,09:48,228.3,3.0,2,False,
G2-04,Camiones Medios con Rampa,G0543,general,9.46,15.53,09:53,234.0,3.5,3,False,
G2-04,Camiones Medios con Rampa,G0633,general,9.73,16.52,10:01,241.6,3.5,3,False,
G2-04,Camiones Medios con Rampa,G0163,general,9.97,16.57,10:06,246.0,2.5,1,False,
G2-04,Camiones Medios con Rampa,G0618,general,9.77,16.85,10:09,249.9,3.0,2,False,
G2-04,Camiones Medios con Rampa,G0616,general,9.7,17.07,10:13,253.8,3.5,3,False,
G2-04,Camiones Medios con Rampa,G0615,general,9.62,17.25,10:18,258.1,2.5,1,False,
G2-04,Camiones Medios con Rampa,G0636,general,9.72,17.48,10:21,261.6,3.5,3,False,
G2-04,Camiones Medios con Rampa,G0635,general,9.84,17.53,10:25,265.6,3.5,3,False,
G2-04,Camiones Medios con Rampa,G0170,general,9.83,17.57,10:29,269.3,2.5,1,True,
G2-04,Camiones Medios con Rampa,G0227,general,9.72,17.67,10:32,272.4,3.5,3,False,
G2-04,Camiones Medios con Rampa,G0516,general,9.91,18.01,10:37,277.5,3.5,3,False,
G2-04,Camiones Medios con Rampa,G0256,general,10.11,18.07,10:41,281.8,3.5,3,False,
G2-04,Camiones Medios con Rampa,G0234,general,9.9,18.32,10:46,286.6,3.5,3,False,
G2-04,Camiones Medios con Rampa,G0486,general,9.5,18.26,10:51,291.7,2.5,1,False,
G2-04,Camiones Medios con Rampa,G0623,general,9.07,17.57,10:57,297.4,3.5,3,False,
G2-04,Camiones Medios con Rampa,G0172,general,9.18,17.42,11:01,301.7,2.5,1,False,
G2-04,Camiones Medios con Rampa,G0631,general,9.24,17.23,11:04,305.0,3.0,2,False,
G2-04,Camiones Medios con Rampa,G0150,general,9.2,16.79,11:09,309.7,3.0,2,False,
G2-04,Camiones Medios con Rampa,G0630,general,9.92,17.25,11:16,316.2,3.5,3,False,
G2-04,Camiones Medios con Rampa,G0650,general,10.15,16.99,11:21,321.0,3.0,2,False,
G2-04,Camiones Medios con Rampa,G0641,general,10.35,16.87,11:24,325.0,3.5,3,False,
G2-04,Camiones Medios con Rampa,G0608,general,10.41,17.03,11:29,329.1,2.5,1,False,
G2-04,Camiones Medios con Rampa,G0628,general,10.38,17.13,11:32,332.1,3.5,3,False,
G2-04,Camiones Medios con Rampa,G0632,general,10.62,17.56,11:37,337.5,2.5,1,False,
G2-04,Camiones Medios con Rampa,G0544,general,10.62,17.64,11:40,340.3,2.5,1,False,
G2-04,Camiones Medios con Rampa,G0153,general,10.48,17.66,11:43,343.4,3.5,3,False,
G2-04,Camiones Medios con Rampa,G0648,general,10.24,17.62,11:47,347.9,2.5,1,False,
G2-04,Camiones Medios con Rampa,G0627,general,10.45,16.63,11:54,354.4,2.5,1,False,
G2-04,Camiones Medios con Rampa,G0165,general,10.54,16.19,11:58,358.7,3.5,3,False,
G2-04,Camiones Medios con Rampa,G0319,general,10.46,14.39,12:09,369.4,3.0,2,False,
G2-05,Camiones Medios con Rampa,G0202,general,13.61,10.58,09:00,180,2.5,1,False,
G2-05,Camiones Medios con Rampa,G0182,general,13.11,9.47,09:07,187.4,2.5,1,False,
G2-05,Camiones Medios con Rampa,G0196,general,12.9,8.86,09:12,192.4,3.0,2,False,
G2-05,Camiones Medios con Rampa,G0198,general,12.7,8.39,09:17,197.5,3.5,3,False,
G2-05,Camiones Medios con Rampa,G0213,general,12.46,8.14,09:22,202.4,3.0,2,False,
G2-05,Camiones Medios con Rampa,G0217,general,12.87,8.05,09:27,207.1,2.5,1,True,
G2-05,Camiones Medios con Rampa,G0218,general,13.15,7.64,09:31,211.6,3.5,3,False,
G2-05,Camiones Medios con Rampa,G0201,general,13.46,7.37,09:36,216.7,3.0,2,False,
G2-05,Camiones Medios con Rampa,G0185,general,13.89,7.93,09:42,222.5,3.5,3,False,
G2-05,Camiones Medios con Rampa,G0215,general,14.19,8.07,09:47,227.4,3.0,2,False,
G2-05,Camiones Medios con Rampa,G0181,general,13.75,8.62,09:53,233.2,3.5,3,False,
G2-05,Camiones Medios con Rampa,G0192,general,14.28,8.87,09:59,239.0,3.5,3,True,
G2-05,Camiones Medios con Rampa,G0284,general,15.76,9.25,10:08,248.6,3.5,3,False,
G2-05,Camiones Medios con Rampa,G0183,general,13.74,6.51,10:25,265.7,3.5,3,False,
G2-05,Camiones Medios con Rampa,G0206,general,12.98,5.75,10:33,273.5,3.0,2,True,
G2-05,Camiones Medios con Rampa,G0212,general,12.7,6.75,10:40,280.6,3.5,3,False,
G2-05,Camiones Medios con Rampa,G0187,general,12.74,7.23,10:46,286.1,2.5,1,False,
G2-05,Camiones Medios con Rampa,G0199,general,12.32,7.19,10:50,290.3,3.5,3,False,
G2-05,Camiones Medios con Rampa,G0190,general,12.19,7.02,10:54,294.7,3.0,2,False,
G2-05,Camiones Medios con Rampa,G0189,general,12.04,6.8,10:58,298.7,2.5,1,False,
G2-05,Camiones Medios con Rampa,G0194,general,11.58,7.1,11:03,303.4,2.5,1,False,
G2-05,Camiones Medios con Rampa,G0216,general,11.19,6.86,11:07,307.8,3.5,3,False,
G2-05,Camiones Medios con Rampa,G0208,general,11.37,6.28,11:13,313.7,3.0,2,False,
G2-05,Camiones Medios con Rampa,G0220,general,11.65,5.81,11:18,318.9,2.5,1,False,
G2-05,Camiones Medios con Rampa,G0191,general,11.68,5.63,11:22,322.1,3.0,2,False,
G2-05,Camiones Medios con Rampa,G0179,general,11.06,4.66,11:29,329.7,2.5,1,False,
G2-05,Camiones Medios con Rampa,G0193,general,11.67,3.64,11:36,337.0,3.0,2,False,
G2-05,Camiones Medios con Rampa,G0204,general,12.28,7.44,11:55,355.4,3.0,2,False,
G2-05,Camiones Medios con Rampa,G0203,general,12.38,7.64,11:59,359.3,3.0,2,False,
G2-05,Camiones Medios con Rampa,G0195,general,11.83,7.53,12:04,364.5,2.5,1,False,
G2-05,Camiones Medios con Rampa,G0207,general,11.21,7.72,12:09,369.6,2.5,1,False,
G2-05,Camiones Medios con Rampa,G0205,general,10.5,7.7,12:14,375.0,3.5,3,False,
G2-05,Camiones Medios con Rampa,G0180,general,10.15,8.16,12:20,380.8,3.5,3,False,
G2-05,Camiones Medios con Rampa,G0209,general,10.36,8.4,12:25,385.5,3.0,2,False,
G2-05,Camiones Medios con Rampa,G0184,general,11.22,8.5,12:31,392.0,3.5,3,False,
G2-05,Camiones Medios con Rampa,G0214,general,11.77,8.36,12:37,397.8,3.0,2,True,
G2-05,Camiones Medios con Rampa,G0177,general,12.06,8.56,12:42,402.2,3.5,3,False,
G2-05,Camiones Medios con Rampa,G0211,general,11.89,9.75,12:50,410.5,3.0,2,False,
G2-05,Camiones Medios con Rampa,G0219,general,11.79,9.83,12:53,414.0,3.0,2,False,
G2-05,Camiones Medios con Rampa,G0200,general,11.39,9.94,12:58,418.6,3.0,2,False,
G2-05,Camiones Medios con Rampa,G0188,general,11.28,9.61,13:03,423.0,3.0,2,False,
G2-05,Camiones Medios con Rampa,G0178,general,11.33,10.91,13:11,431.2,2.5,1,False,
G2-06,Camiones Medios con Rampa,G0614,general,11.59,19.13,09:00,180,3.5,3,False,
G2-06,Camiones Medios con Rampa,G0232,general,11.85,19.46,09:05,185.2,3.0,2,False,
G2-06,Camiones Medios con Rampa,G0505,general,11.44,19.71,09:10,190.1,3.5,3,False,
G2-06,Camiones Medios con Rampa,G0139,general,11.36,19.63,09:14,194.0,2.5,1,False,
G2-06,Camiones Medios con Rampa,G0075,general,11.15,19.85,09:17,197.7,3.0,2,False,
G2-06,Camiones Medios con Rampa,G0238,general,10.98,20.26,09:22,202.5,3.0,2,True,
G2-06,Camiones Medios con Rampa,G0011,general,11.17,20.59,09:27,207.1,3.5,3,False,
G2-06,Camiones Medios con Rampa,G0221,general,11.58,20.17,09:32,212.9,2.5,1,False,
G2-06,Camiones Medios con Rampa,G0646,general,10.57,20.02,09:39,219.5,2.5,1,False,
G2-06,Camiones Medios con Rampa,G0259,general,10.44,19.9,09:42,222.7,3.5,3,False,
G2-06,Camiones Medios con Rampa,G0248,general,10.53,19.68,09:47,227.1,3.5,3,False,
G2-06,Camiones Medios con Rampa,G0142,general,10.35,19.52,09:51,231.6,3.5,3,False,
G2-06,Camiones Medios con Rampa,G0498,general,10.27,19.31,09:55,236.0,3.0,2,False,
G2-06,Camiones Medios con Rampa,G0239,general,10.08,19.42,09:59,239.9,3.0,2,False,
G2-06,Camiones Medios con Rampa,G0490,general,9.93,19.87,10:04,244.8,3.0,2,False,
G2-06,Camiones Medios con Rampa,G0258,general,9.79,20.07,10:08,248.7,2.5,1,False,
G2-06,Camiones Medios con Rampa,G0057,general,9.56,19.88,10:12,252.4,3.5,3,False,
G2-06,Camiones Medios con Rampa,G0491,general,9.65,19.76,10:16,256.5,2.5,1,False,
G2-06,Camiones Medios con Rampa,G0133,general,9.32,19.43,10:20,260.9,3.5,3,False,
G2-06,Camiones Medios con Rampa,G0610,general,9.35,19.23,10:25,265.2,3.5,3,True,
G2-06,Camiones Medios con Rampa,G0537,general,9.16,18.99,10:29,269.9,2.5,1,False,
G2-06,Camiones Medios con Rampa,G0251,general,9.18,18.89,10:32,272.8,3.0,2,True,
G2-06,Camiones Medios con Rampa,G0148,general,9.4,18.84,10:36,276.7,2.5,1,False,
G2-06,Camiones Medios con Rampa,G0261,general,9.32,18.59,10:40,280.3,3.0,2,False,
G2-06,Camiones Medios con Rampa,G0243,general,9.27,18.51,10:43,283.6,3.5,3,False,
G2-06,Camiones Medios con Rampa,G0526,general,9.37,18.3,10:48,288.1,3.5,3,False,
G2-06,Camiones Medios con Rampa,G0262,general,9.7,18.74,10:53,293.8,2.5,1,False,
G2-06,Camiones Medios con Rampa,G0236,general,9.74,18.97,10:57,297.2,2.5,1,False,
G2-06,Camiones Medios con Rampa,G0229,general,10.1,18.79,11:01,301.3,3.5,3,False,
G2-06,Camiones Medios con Rampa,G0223,general,10.12,18.75,11:05,305.0,3.5,3,False,
G2-06,Camiones Medios con Rampa,G0246,general,10.31,18.46,11:09,309.9,3.5,3,False,
G2-06,Camiones Medios con Rampa,G0506,general,10.65,19.02,11:16,316.0,3.5,3,True,
G2-06,Camiones Medios con Rampa,G0640,general,10.74,18.98,11:19,319.9,3.0,2,False,
G2-06,Camiones Medios con Rampa,G0242,general,10.84,19.36,11:24,324.5,2.5,1,False,
G2-06,Camiones Medios con Rampa,G0070,general,10.64,19.39,11:27,327.8,3.5,3,True,
G2-06,Camiones Medios con Rampa,G0169,general,11.14,19.09,11:33,333.6,2.5,1,False,
G2-06,Camiones Medios con Rampa,G0611,general,11.17,19.12,11:36,336.3,3.5,3,True,
G2-06,Camiones Medios con Rampa,G0645,general,11.2,18.8,11:41,341.1,3.5,3,False,
G2-06,Camiones Medios con Rampa,G0222,general,10.29,20.3,11:51,351.6,3.5,3,False,
G2-06,Camiones Medios con Rampa,G0508,general,9.9,20.45,11:56,356.8,3.0,2,False,
G2-06,Camiones Medios con Rampa,G0487,general,9.86,20.6,12:00,360.4,2.5,1,True,
G2-06,Camiones Medios con Rampa,G0509,general,10.63,21.12,12:06,366.6,3.5,3,False,
G2-06,Camiones Medios con Rampa,G0483,general,9.04,19.63,12:18,378.8,3.5,3,False,
G2-06,Camiones Medios con Rampa,G0497,general,8.69,19.8,12:23,383.9,2.5,1,False,
G2-06,Camiones Medios con Rampa,G0249,general,8.5,19.6,12:27,387.5,3.0,2,False,
G2-06,Camiones Medios con Rampa,G0224,general,8.98,19.07,12:33,393.4,3.0,2,False,
G2-07,Camiones Medios con Rampa,G0300,general,15.75,8.8,09:00,180,2.5,1,False,
G2-07,Camiones Medios con Rampa,G0210,general,15.36,7.8,09:06,186.8,2.5,1,False,
G2-07,Camiones Medios con Rampa,G0292,general,15.34,6.65,09:13,193.9,3.0,2,False,
G2-07,Camiones Medios con Rampa,G0273,general,15.47,6.03,09:19,199.4,2.5,1,False,
G2-07,Camiones Medios con Rampa,G0296,general,15.37,5.65,09:23,203.5,2.5,1,False,
G2-07,Camiones Medios con Rampa,G0282,general,15.77,5.56,09:27,207.7,3.0,2,False,
G2-07,Camiones Medios con Rampa,G0295,general,15.8,5.31,09:31,211.6,3.5,3,False,
G2-07,Camiones Medios con Rampa,G0290,general,16.27,5.16,09:37,217.1,3.0,2,False,
G2-07,Camiones Medios con Rampa,G0286,general,16.21,4.56,09:42,222.5,3.5,3,False,
G2-07,Camiones Medios con Rampa,G0266,general,15.77,4.41,09:47,227.9,3.5,3,False,
G2-07,Camiones Medios con Rampa,G0274,general,15.83,4.25,09:52,232.1,3.5,3,False,
G2-07,Camiones Medios con Rampa,G0264,general,16.07,3.65,09:58,238.1,3.0,2,False,
G2-07,Camiones Medios con Rampa,G0299,general,16.17,3.68,10:01,241.6,3.0,2,False,
G2-07,Camiones Medios con Rampa,G0304,general,15.73,3.05,10:07,247.6,3.5,3,True,
G2-07,Camiones Medios con Rampa,G0275,general,14.71,4.03,10:16,256.8,2.5,1,False,
G2-07,Camiones Medios con Rampa,G0306,general,15.42,4.9,10:23,263.8,2.5,1,False,
G2-07,Camiones Medios con Rampa,G0186,general,14.8,5.74,10:30,270.5,3.0,2,False,
G2-07,Camiones Medios con Rampa,G0269,general,14.62,6.05,10:34,274.9,2.5,1,False,
G2-07,Camiones Medios con Rampa,G0197,general,14.32,5.51,10:39,279.9,2.5,1,False,
G2-07,Camiones Medios con Rampa,G0291,general,16.08,6.57,10:50,290.6,3.0,2,False,
G2-07,Camiones Medios con Rampa,G0289,general,16.58,6.27,10:55,295.9,3.0,2,False,
G2-07,Camiones Medios con Rampa,G0277,general,16.38,6.06,11:00,300.1,3.0,2,False,
G2-07,Camiones Medios con Rampa,G0288,general,16.33,6.02,11:03,303.3,2.5,1,False,
G2-07,Camiones Medios con Rampa,G0270,general,16.5,5.83,11:06,306.9,3.5,3,False,
G2-07,Camiones Medios con Rampa,G0287,general,16.68,5.74,11:11,311.1,2.5,1,False,
G2-07,Camiones Medios con Rampa,G0293,general,17.31,6.39,11:17,317.3,3.0,2,False,
G2-07,Camiones Medios con Rampa,G0268,general,17.58,6.33,11:21,321.4,3.0,2,False,
G2-07,Camiones Medios con Rampa,G0302,general,17.81,6.85,11:26,326.7,3.0,2,False,
G2-07,Camiones Medios con Rampa,G0281,general,17.98,5.72,11:34,334.3,3.5,3,False,
G2-07,Camiones Medios con Rampa,G0298,general,17.97,5.1,11:40,340.2,2.5,1,False,
G2-07,Camiones Medios con Rampa,G0294,general,17.98,4.58,11:44,344.8,3.0,2,False,
G2-07,Camiones Medios con Rampa,G0303,general,17.99,4.41,11:48,348.5,2.5,1,False,
G2-07,Camiones Medios con Rampa,G0265,general,17.93,4.02,11:52,352.6,3.0,2,False,
G2-07,Camiones Medios con Rampa,G0276,general,17.53,3.94,11:57,357.2,2.5,1,False,
G2-07,Camiones Medios con Rampa,G0271,general,17.4,4.52,12:02,362.1,2.5,1,False,
G2-07,Camiones Medios con Rampa,G0305,general,17.31,4.83,12:05,365.8,3.0,2,False,
G2-07,Camiones Medios con Rampa,G0278,general,16.87,4.42,12:11,371.2,3.0,2,False,
G2-07,Camiones Medios con Rampa,G0285,general,17.87,3.36,12:20,380.1,3.0,2,False,
G2-07,Camiones Medios con Rampa,G0283,general,18.74,4.22,12:27,388.0,3.5,3,True,
G2-07,Camiones Medios con Rampa,G0272,general,18.68,4.61,12:33,393.1,3.5,3,False,
G2-07,Camiones Medios con Rampa,G0267,general,18.48,4.95,12:38,398.2,2.5,1,False,
G2-07,Camiones Medios con Rampa,G0301,general,18.59,5.07,12:41,401.3,3.0,2,False,
G2-07,Camiones Medios con Rampa,G0297,general,19.1,5.38,12:46,406.7,2.5,1,False,
G2-07,Camiones Medios con Rampa,G0280,general,19.17,4.84,12:51,411.3,3.0,2,False,
G2-07,Camiones Medios con Rampa,G0279,general,16.53,7.03,13:08,428.0,2.5,1,False,
G2-08,Camiones Medios con Rampa,G0307,general,9.99,13.57,09:00,180,2.5,1,False,
G2-08,Camiones Medios con Rampa,G0626,general,9.63,13.56,09:03,184.0,3.5,3,False,
G2-08,Camiones Medios con Rampa,G0620,general,9.44,14.55,09:11,191.5,3.0,2,False,
G2-08,Camiones Medios con Rampa,G0164,general,8.9,15.1,09:17,197.6,3.5,3,False,
G2-08,Camiones Medios con Rampa,G0314,general,8.34,14.75,09:23,203.7,3.5,3,True,
G2-08,Camiones Medios con Rampa,G0341,general,8.37,14.65,09:27,207.6,3.5,3,False,
G2-08,Camiones Medios con Rampa,G0320,general,8.12,14.2,09:33,213.2,3.0,2,False,
G2-08,Camiones Medios con Rampa,G0349,general,7.92,13.91,09:37,217.6,3.5,3,False,
G2-08,Camiones Medios con Rampa,G0347,general,7.65,13.92,09:42,222.2,3.0,2,False,
G2-08,Camiones Medios con Rampa,G0312,general,7.56,13.67,09:46,226.3,3.5,3,False,
G2-08,Camiones Medios con Rampa,G0327,general,7.51,13.55,09:50,230.3,2.5,1,True,
G2-08,Camiones Medios con Rampa,G0309,general,7.59,13.2,09:54,234.2,3.5,3,True,
G2-08,Camiones Medios con Rampa,G0310,general,7.54,13.12,09:58,238.1,2.5,1,False,
G2-08,Camiones Medios con Rampa,G0340,general,7.78,12.53,10:03,243.1,3.5,3,False,
G2-08,Camiones Medios con Rampa,G0348,general,7.43,12.04,10:08,249.0,3.0,2,False,
G2-08,Camiones Medios con Rampa,G0332,general,6.96,11.39,10:15,255.2,3.0,2,False,
G2-08,Camiones Medios con Rampa,G0324,general,6.09,12.11,10:22,262.7,3.5,3,False,
G2-08,Camiones Medios con Rampa,G0326,general,6.3,12.75,10:28,268.9,2.5,1,False,
G2-08,Camiones Medios con Rampa,G0334,general,6.9,12.96,10:33,274.0,3.5,3,True,
G2-08,Camiones Medios con Rampa,G0308,general,6.26,13.9,10:41,282.0,3.0,2,False,
G2-08,Camiones Medios con Rampa,G0313,general,5.56,13.22,10:48,288.9,3.5,3,False,
G2-08,Camiones Medios con Rampa,G0335,general,5.65,13.07,10:53,293.1,3.5,3,False,
G2-08,Camiones Medios con Rampa,G0344,general,5.34,14.65,11:03,303.0,3.5,3,False,
G2-08,Camiones Medios con Rampa,G0536,general,6.52,14.85,11:11,311.3,2.5,1,False,
G2-08,Camiones Medios con Rampa,G0311,general,7.07,14.84,11:16,316.0,3.5,3,False,
G2-08,Camiones Medios con Rampa,G0321,general,7.28,14.93,11:20,320.5,3.5,3,False,
G2-08,Camiones Medios con Rampa,G0329,general,7.17,15.16,11:24,325.0,3.0,2,False,
G2-08,Camiones Medios con Rampa,G0325,general,7.57,14.97,11:29,329.7,3.0,2,False,
G2-08,Camiones Medios con Rampa,G0337,general,7.62,15.18,11:33,333.6,3.5,3,False,
G2-08,Camiones Medios con Rampa,G0331,general,7.84,14.86,11:38,338.7,3.5,3,False,
G2-08,Camiones Medios con Rampa,G0342,general,8.01,15.54,11:44,344.9,3.0,2,False,
G2-08,Camiones Medios con Rampa,G0330,general,7.26,14.49,11:53,353.1,3.5,3,False,
G2-08,Camiones Medios con Rampa,G0316,general,8.49,14.15,12:01,361.7,3.0,2,False,
G2-08,Camiones Medios con Rampa,G0317,general,8.85,12.86,12:10,370.1,3.0,2,False,
G2-08,Camiones Medios con Rampa,G0346,general,8.53,12.08,12:16,376.4,3.5,3,False,
G2-08,Camiones Medios con Rampa,G0328,general,8.65,11.47,12:22,382.4,2.5,1,False,
G2-08,Camiones Medios con Rampa,G0322,general,8.56,11.08,12:26,386.5,3.0,2,False,
G2-08,Camiones Medios con Rampa,G0315,general,8.7,10.99,12:30,390.2,3.5,3,False,
G2-08,Camiones Medios con Rampa,G0318,general,5.18,10.01,12:48,408.3,2.5,1,False,
G2-09,Camiones Medios con Rampa,G0003,general,17.02,17.03,09:00,180,3.5,3,False,
G2-09,Camiones Medios con Rampa,G0435,general,17.28,16.84,09:04,184.8,3.0,2,False,
G2-09,Camiones Medios con Rampa,G0002,general,17.44,16.72,09:08,188.6,2.5,1,False,
G2-09,Camiones Medios con Rampa,G0363,general,17.13,17.36,09:13,193.9,3.5,3,False,
G2-09,Camiones Medios con Rampa,G0361,general,16.92,17.35,09:18,198.2,2.5,1,False,
G2-09,Camiones Medios con Rampa,G0024,general,16.4,17.57,09:23,203.0,3.5,3,True,
G2-09,Camiones Medios con Rampa,G0355,general,16.31,17.82,09:27,207.6,2.5,1,False,
G2-09,Camiones Medios con Rampa,G0350,general,15.88,17.75,09:31,211.8,2.5,1,False,
G2-09,Camiones Medios con Rampa,G0041,general,15.74,18.16,09:36,216.1,3.0,2,False,
G2-09,Camiones Medios con Rampa,G0001,general,15.49,18.22,09:40,220.1,2.5,1,False,
G2-09,Camiones Medios con Rampa,G0354,general,15.59,18.51,09:43,223.8,2.5,1,False,
G2-09,Camiones Medios con Rampa,G0569,general,15.86,18.64,09:47,227.5,3.5,3,False,
G2-09,Camiones Medios con Rampa,G0034,general,15.62,18.84,09:52,232.2,2.5,1,False,
G2-09,Camiones Medios con Rampa,G0356,general,15.55,19.01,09:55,235.5,2.5,1,False,
G2-09,Camiones Medios con Rampa,G0376,general,15.39,19.01,09:58,238.6,3.0,2,False,
G2-09,Camiones Medios con Rampa,G0362,general,15.86,19.27,10:03,243.8,2.5,1,False,
G2-09,Camiones Medios con Rampa,G0370,general,16.27,19.19,10:07,248.0,3.5,3,False,
G2-09,Camiones Medios con Rampa,G0009,general,16.61,19.3,10:12,252.9,3.5,3,True,
G2-09,Camiones Medios con Rampa,G0389,general,16.61,19.44,10:16,256.9,3.0,2,False,
G2-09,Camiones Medios con Rampa,G0016,general,16.49,19.48,10:20,260.4,3.0,2,False,
G2-09,Camiones Medios con Rampa,G0124,general,16.44,19.79,10:24,264.7,3.0,2,False,
G2-09,Camiones Medios con Rampa,G0360,general,16.27,19.92,10:28,268.6,2.5,1,False,
G2-09,Camiones Medios con Rampa,G0094,general,16.11,19.91,10:31,271.7,3.0,2,False,
G2-09,Camiones Medios con Rampa,G0042,general,15.77,19.71,10:36,276.3,3.5,3,False,
G2-09,Camiones Medios con Rampa,G0385,general,15.12,19.97,10:42,282.5,3.0,2,False,
G2-09,Camiones Medios con Rampa,G0383,general,15.0,19.65,10:46,286.9,3.5,3,False,
G2-09,Camiones Medios con Rampa,G0367,general,14.75,19.72,10:51,291.4,3.5,3,False,
G2-09,Camiones Medios con Rampa,G0364,general,14.69,19.55,10:55,295.7,2.5,1,False,
G2-09,Camiones Medios con Rampa,G0378,general,14.55,19.34,10:59,299.2,2.5,1,False,
G2-09,Camiones Medios con Rampa,G0106,general,14.0,20.22,11:05,305.9,3.0,2,False,
G2-09,Camiones Medios con Rampa,G0028,general,16.3,18.58,11:20,320.2,2.5,1,False,
G2-09,Camiones Medios con Rampa,G0366,general,16.62,18.66,11:23,324.0,3.0,2,False,
G2-09,Camiones Medios con Rampa,G0019,general,16.92,18.81,11:28,328.3,2.5,1,True,
G2-09,Camiones Medios con Rampa,G0571,general,16.93,18.78,11:30,330.9,3.5,3,False,
G2-09,Camiones Medios con Rampa,G0101,general,17.04,18.85,11:34,335.0,3.5,3,True,
G2-09,Camiones Medios con Rampa,G0386,general,17.08,18.5,11:39,339.9,3.0,2,True,
G2-09,Camiones Medios con Rampa,G0579,general,17.19,18.52,11:43,343.3,3.5,3,True,
G2-09,Camiones Medios con Rampa,G0031,general,17.51,18.85,11:48,348.7,2.5,1,False,
G2-09,Camiones Medios con Rampa,G0359,general,17.83,18.86,11:52,352.5,3.0,2,False,
G2-09,Camiones Medios con Rampa,G0351,general,17.9,18.95,11:55,355.9,3.5,3,False,
G2-09,Camiones Medios con Rampa,G0371,general,18.16,18.9,12:00,360.5,2.5,1,False,
G2-09,Camiones Medios con Rampa,G0119,general,17.79,18.6,12:04,364.9,3.0,2,False,
G2-09,Camiones Medios con Rampa,G0391,general,17.85,18.05,12:10,370.1,2.5,1,False,
G2-09,Camiones Medios con Rampa,G0388,general,17.68,19.55,12:18,378.6,2.5,1,False,
G2-09,Camiones Medios con Rampa,G0374,general,17.76,20.07,12:23,383.2,3.0,2,False,
G2-09,Camiones Medios con Rampa,G0118,general,17.96,20.2,12:27,387.2,3.5,3,False,
G2-09,Camiones Medios con Rampa,G0131,general,17.16,20.06,12:33,393.9,3.5,3,True,
G2-09,Camiones Medios con Rampa,G0352,general,16.89,19.55,12:39,399.8,2.5,1,False,
G2-10,Camiones Medios con Rampa,G0368,general,15.65,15.2,09:00,180,3.5,3,False,
G2-10,Camiones Medios con Rampa,G0413,general,16.27,15.39,09:06,186.1,3.0,2,False,
G2-10,Camiones Medios con Rampa,G0401,general,17.27,14.89,09:13,193.6,3.0,2,True,
G2-10,Camiones Medios con Rampa,G0408,general,17.24,14.35,09:18,198.7,3.5,3,True,
G2-10,Camiones Medios con Rampa,G0428,general,16.8,13.96,09:24,204.6,3.5,3,False,
G2-10,Camiones Medios con Rampa,G0425,general,17.58,13.85,09:31,211.2,2.5,1,False,
G2-10,Camiones Medios con Rampa,G0405,general,17.93,13.97,09:35,215.2,2.5,1,False,
G2-10,Camiones Medios con Rampa,G0423,general,18.12,13.88,09:38,218.5,3.5,3,False,
G2-10,Camiones Medios con Rampa,G0417,general,17.79,14.15,09:43,223.8,3.5,3,False,
G2-10,Camiones Medios con Rampa,G0403,general,18.41,13.55,09:50,230.7,3.0,2,False,
G2-10,Camiones Medios con Rampa,G0402,general,19.01,13.62,09:56,236.2,2.5,1,False,
G2-10,Camiones Medios con Rampa,G0398,general,19.73,13.24,10:01,241.9,3.5,3,False,
G2-10,Camiones Medios con Rampa,G0404,general,19.53,13.0,10:06,246.6,3.5,3,False,
G2-10,Camiones Medios con Rampa,G0409,general,19.28,12.44,10:12,252.6,2.5,1,False,
G2-10,Camiones Medios con Rampa,G0434,general,19.5,12.31,10:16,256.1,3.0,2,False,
G2-10,Camiones Medios con Rampa,G0394,general,18.89,11.85,10:22,262.2,3.5,3,False,
G2-10,Camiones Medios con Rampa,G0411,general,18.38,12.47,10:28,268.9,2.5,1,False,
G2-10,Camiones Medios con Rampa,G0432,general,17.7,13.18,10:35,275.3,2.5,1,False,
G2-10,Camiones Medios con Rampa,G0407,general,17.15,12.32,10:41,281.9,3.5,3,False,
G2-10,Camiones Medios con Rampa,G0430,general,16.76,12.16,10:47,287.0,3.0,2,True,
G2-10,Camiones Medios con Rampa,G0419,general,16.72,11.82,10:51,291.4,3.5,3,False,
G2-10,Camiones Medios con Rampa,G0421,general,15.79,12.03,10:58,298.7,3.5,3,False,
G2-10,Camiones Medios con Rampa,G0410,general,14.64,13.2,11:08,308.8,3.0,2,False,
G2-10,Camiones Medios con Rampa,G0025,general,14.49,13.63,11:13,313.6,3.0,2,False,
G2-10,Camiones Medios con Rampa,G0424,general,15.38,14.07,11:20,320.6,2.5,1,False,
G2-10,Camiones Medios con Rampa,G0400,general,17.4,16.15,11:34,334.7,3.5,3,False,
G2-10,Camiones Medios con Rampa,G0585,general,17.46,16.31,11:38,338.9,3.5,3,False,
G2-10,Camiones Medios con Rampa,G0353,general,17.83,16.18,11:43,343.9,2.5,1,False,
G2-10,Camiones Medios con Rampa,G0396,general,18.15,15.69,11:48,348.8,3.5,3,False,
G2-10,Camiones Medios con Rampa,G0406,general,18.6,15.66,11:54,354.1,2.5,1,False,
G2-10,Camiones Medios con Rampa,G0431,general,18.62,15.74,11:56,357.0,3.0,2,False,
G2-10,Camiones Medios con Rampa,G0575,general,18.46,16.02,12:01,361.2,3.0,2,False,
G2-10,Camiones Medios con Rampa,G0416,general,18.74,14.98,12:08,368.6,3.0,2,False,
G2-10,Camiones Medios con Rampa,G0427,general,18.65,14.74,12:12,372.6,2.5,1,False,
G2-10,Camiones Medios con Rampa,G0393,general,19.68,15.2,12:19,379.6,2.5,1,False,
G2-10,Camiones Medios con Rampa,G0426,general,19.85,13.75,12:27,388.0,3.0,2,True,
G2-10,Camiones Medios con Rampa,G0399,general,20.05,13.66,12:31,391.9,3.0,2,False,
G2-10,Camiones Medios con Rampa,G0395,general,20.8,13.94,12:38,398.1,3.5,3,False,
G2-10,Camiones Medios con Rampa,G0601,general,21.14,13.54,12:43,403.7,2.5,1,False,
G2-10,Camiones Medios con Rampa,G0433,general,20.42,12.76,12:50,410.4,3.5,3,True,
G2-10,Camiones Medios con Rampa,G0397,general,18.72,11.01,13:03,423.7,3.0,2,True,
G2-10,Camiones Medios con Rampa,G0418,general,17.61,11.43,13:11,431.4,2.5,1,True,
G2-10,Camiones Medios con Rampa,G0415,general,19.35,9.98,13:22,443.0,3.5,3,False,
G2-11,Camiones Medios con Rampa,G0468,general,22.25,16.63,09:00,180,2.5,1,False,
G2-11,Camiones Medios con Rampa,G0467,general,22.19,17.14,09:04,184.6,2.5,1,False,
G2-11,Camiones Medios con Rampa,G0454,general,22.6,17.04,09:08,188.7,3.5,3,False,
G2-11,Camiones Medios con Rampa,G0570,general,22.64,17.23,09:13,193.0,3.5,3,False,
G2-11,Camiones Medios con Rampa,G0599,general,22.7,17.37,09:17,197.1,3.0,2,True,
G2-11,Camiones Medios con Rampa,G0603,general,22.62,17.93,09:22,202.4,3.5,3,False,
G2-11,Camiones Medios con Rampa,G0476,general,23.17,18.02,09:28,208.1,3.0,2,False,
G2-11,Camiones Medios con Rampa,G0453,general,23.19,17.72,09:32,212.3,3.5,3,False,
G2-11,Camiones Medios con Rampa,G0461,general,23.35,17.6,09:36,216.6,2.5,1,False,
G2-11,Camiones Medios con Rampa,G0446,general,23.68,16.99,09:41,221.9,2.5,1,False,
G2-11,Camiones Medios con Rampa,G0445,general,23.46,16.73,09:45,225.7,3.0,2,True,
G2-11,Camiones Medios con Rampa,G0572,general,23.84,16.09,09:51,231.7,2.5,1,False,
G2-11,Camiones Medios con Rampa,G0478,general,24.53,16.6,09:57,237.7,3.0,2,False,
G2-11,Camiones Medios con Rampa,G0459,general,24.48,16.76,10:01,241.3,2.5,1,False,
G2-11,Camiones Medios con Rampa,G0465,general,24.85,17.35,10:06,246.6,3.0,2,True,
G2-11,Camiones Medios con Rampa,G0473,general,24.24,17.96,10:13,253.0,3.5,3,False,
G2-11,Camiones Medios con Rampa,G0477,general,24.05,18.33,10:18,258.2,3.0,2,False,
G2-11,Camiones Medios con Rampa,G0474,general,23.76,18.54,10:22,262.7,3.5,3,False,
G2-11,Camiones Medios con Rampa,G0448,general,23.74,18.6,10:26,266.4,2.5,1,False,
G2-11,Camiones Medios con Rampa,G0462,general,23.29,18.31,10:31,271.0,3.0,2,True,
G2-11,Camiones Medios con Rampa,G0466,general,22.96,18.67,10:36,276.0,2.5,1,False,
G2-11,Camiones Medios con Rampa,G0455,general,22.8,18.66,10:39,279.2,3.0,2,False,
G2-11,Camiones Medios con Rampa,G0600,general,22.64,18.61,10:42,282.8,2.5,1,False,
G2-11,Camiones Medios con Rampa,G0568,general,22.25,18.59,10:46,286.9,2.5,1,False,
G2-11,Camiones Medios con Rampa,G0450,general,22.06,18.83,10:50,290.6,3.5,3,False,
G2-11,Camiones Medios con Rampa,G0457,general,21.84,19.15,10:55,295.7,3.0,2,False,
G2-11,Camiones Medios con Rampa,G0470,general,21.5,19.2,11:00,300.1,3.0,2,False,
G2-11,Camiones Medios con Rampa,G0443,general,21.24,19.85,11:05,305.8,2.5,1,False,
G2-11,Camiones Medios con Rampa,G0451,general,22.6,19.09,11:14,314.6,3.0,2,False,
G2-11,Camiones Medios con Rampa,G0458,general,23.24,19.38,11:20,320.4,2.5,1,False,
G2-11,Camiones Medios con Rampa,G0460,general,23.74,19.2,11:24,325.0,3.0,2,False,
G2-11,Camiones Medios con Rampa,G0447,general,23.92,19.39,11:29,329.0,3.5,3,True,
G2-11,Camiones Medios con Rampa,G0472,general,23.74,19.59,11:33,333.6,3.5,3,False,
G2-11,Camiones Medios con Rampa,G0444,general,24.44,19.5,11:39,340.0,3.5,3,False,
G2-11,Camiones Medios con Rampa,G0471,general,24.79,18.95,11:46,346.1,3.5,3,False,
G2-11,Camiones Medios con Rampa,G0452,general,24.51,18.77,11:50,350.9,2.5,1,False,
G2-11,Camiones Medios con Rampa,G0441,general,25.61,19.49,11:58,358.7,3.0,2,False,
G2-11,Camiones Medios con Rampa,G0437,general,25.32,19.82,12:03,363.4,2.5,1,False,
G2-11,Camiones Medios con Rampa,G0469,general,25.23,19.89,12:06,366.3,3.0,2,False,
G2-11,Camiones Medios con Rampa,G0464,general,24.44,20.64,12:13,373.7,2.5,1,False,
G2-11,Camiones Medios con Rampa,G0439,general,25.1,21.11,12:19,379.5,2.5,1,False,
G2-11,Camiones Medios con Rampa,G0463,general,23.17,20.11,12:30,390.7,3.5,3,False,
G2-11,Camiones Medios con Rampa,G0475,general,26.17,18.76,12:47,407.3,3.5,3,False,
G2-11,Camiones Medios con Rampa,G0438,general,26.41,19.35,12:53,413.4,2.5,1,False,
G2-11,Camiones Medios con Rampa,G0442,general,26.08,16.61,13:06,426.9,3.5,3,False,
G2-12,Camiones Medios con Rampa,G0495,general,9.33,20.56,09:00,180,3.5,3,False,
G2-12,Camiones Medios con Rampa,G0228,general,9.24,20.55,09:03,183.9,3.5,3,False,
G2-12,Camiones Medios con Rampa,G0489,general,9.3,21.04,09:09,189.3,3.0,2,False,
G2-12,Camiones Medios con Rampa,G0247,general,9.14,21.56,09:14,194.5,2.5,1,False,
G2-12,Camiones Medios con Rampa,G0079,general,9.48,21.68,09:18,198.5,3.5,3,False,
G2-12,Camiones Medios con Rampa,G0244,general,9.73,21.71,09:22,203.0,2.5,1,False,
G2-12,Camiones Medios con Rampa,G0253,general,9.81,21.86,09:26,206.2,2.5,1,False,
G2-12,Camiones Medios con Rampa,G0493,general,9.88,21.89,09:28,209.0,3.5,3,True,
G2-12,Camiones Medios con Rampa,G0255,general,9.99,22.11,09:33,213.4,3.5,3,False,
G2-12,Camiones Medios con Rampa,G0225,general,9.77,22.34,09:38,218.2,3.5,3,False,
G2-12,Camiones Medios con Rampa,G0252,general,9.53,22.55,09:42,223.0,3.0,2,False,
G2-12,Camiones Medios con Rampa,G0492,general,9.58,23.14,09:48,228.3,2.5,1,False,
G2-12,Camiones Medios con Rampa,G0504,general,9.52,23.33,09:51,231.7,3.0,2,False,
G2-12,Camiones Medios con Rampa,G0518,general,8.41,22.98,09:59,239.3,2.5,1,True,
G2-12,Camiones Medios con Rampa,G0496,general,8.39,22.52,10:03,243.7,2.5,1,False,
G2-12,Camiones Medios con Rampa,G0482,general,8.57,22.27,10:07,247.4,2.5,1,False,
G2-12,Camiones Medios con Rampa,G0511,general,8.28,22.13,10:11,251.2,3.5,3,False,
G2-12,Camiones Medios con Rampa,G0485,general,7.94,21.93,10:16,256.3,3.5,3,False,
G2-12,Camiones Medios con Rampa,G0510,general,7.64,21.71,10:21,261.3,3.0,2,True,
G2-12,Camiones Medios con Rampa,G0542,general,7.43,21.21,10:26,266.5,3.0,2,False,
G2-12,Camiones Medios con Rampa,G0235,general,8.24,21.35,10:32,272.7,3.5,3,False,
G2-12,Camiones Medios con Rampa,G0260,general,8.32,20.84,10:38,278.3,2.5,1,False,
G2-12,Camiones Medios con Rampa,G0481,general,8.44,20.57,10:41,282.0,3.0,2,False,
G2-12,Camiones Medios con Rampa,G0484,general,8.32,20.39,10:45,285.8,3.5,3,True,
G2-12,Camiones Medios con Rampa,G0240,general,8.21,20.25,10:50,290.0,2.5,1,False,
G2-12,Camiones Medios con Rampa,G0499,general,8.43,20.15,10:53,293.5,3.0,2,False,
G2-12,Camiones Medios con Rampa,G0555,general,8.74,20.29,10:57,297.9,3.5,3,True,
G2-12,Camiones Medios con Rampa,G0245,general,8.74,20.36,11:01,301.7,3.0,2,False,
G2-12,Camiones Medios con Rampa,G0541,general,8.16,19.91,11:07,307.7,3.5,3,False,
G2-12,Camiones Medios con Rampa,G0077,general,7.98,20.37,11:13,313.1,3.5,3,False,
G2-12,Camiones Medios con Rampa,G0559,general,7.94,20.4,11:16,316.8,2.5,1,False,
G2-12,Camiones Medios con Rampa,G0563,general,7.91,20.45,11:19,319.6,3.5,3,False,
G2-12,Camiones Medios con Rampa,G0254,general,7.69,20.41,11:23,324.0,2.5,1,True,
G2-12,Camiones Medios con Rampa,G0519,general,7.71,20.16,11:27,327.5,2.5,1,False,
G2-12,Camiones Medios con Rampa,G0520,general,5.96,21.27,11:38,338.2,3.5,3,True,
G2-12,Camiones Medios con Rampa,G0479,general,8.06,22.61,11:51,351.7,2.5,1,False,
G2-12,Camiones Medios con Rampa,G0507,general,8.31,23.54,11:58,358.1,3.0,2,False,
G2-12,Camiones Medios con Rampa,G0513,general,8.46,24.24,12:03,363.9,2.5,1,True,
G2-12,Camiones Medios con Rampa,G0500,general,8.13,24.69,12:08,368.7,3.0,2,False,
G2-12,Camiones Medios con Rampa,G0515,general,10.23,21.68,12:26,386.3,3.5,3,False,
G2-13,Camiones Medios con Rampa,G0494,general,9.09,18.0,09:00,180,3.0,2,False,
G2-13,Camiones Medios con Rampa,G0524,general,8.83,17.68,09:04,184.6,3.0,2,False,
G2-13,Camiones Medios con Rampa,G0539,general,8.48,18.07,09:09,189.7,3.0,2,False,
G2-13,Camiones Medios con Rampa,G0143,general,8.04,17.8,09:14,194.8,3.0,2,False,
G2-13,Camiones Medios con Rampa,G0546,general,7.95,17.84,09:18,198.2,2.5,1,False,
G2-13,Camiones Medios con Rampa,G0532,general,8.08,17.62,09:21,201.7,3.5,3,True,
G2-13,Camiones Medios con Rampa,G0527,general,8.35,17.11,09:27,207.5,3.0,2,False,
G2-13,Camiones Medios con Rampa,G0533,general,7.44,17.38,09:34,214.2,2.5,1,False,
G2-13,Camiones Medios con Rampa,G0540,general,7.4,17.69,09:38,218.0,3.5,3,False,
G2-13,Camiones Medios con Rampa,G0226,general,7.26,17.87,09:42,222.4,3.0,2,False,
G2-13,Camiones Medios con Rampa,G0548,general,7.16,18.13,09:46,226.5,3.0,2,True,
G2-13,Camiones Medios con Rampa,G0237,general,7.33,18.52,09:51,231.2,3.0,2,False,
G2-13,Camiones Medios con Rampa,G0525,general,7.25,18.77,09:55,235.3,3.0,2,False,
G2-13,Camiones Medios con Rampa,G0558,general,7.84,18.95,10:00,240.7,3.0,2,False,
G2-13,Camiones Medios con Rampa,G0488,general,8.11,19.2,10:05,245.2,3.5,3,True,
G2-13,Camiones Medios con Rampa,G0531,general,7.85,19.56,10:10,250.5,3.0,2,False,
G2-13,Camiones Medios con Rampa,G0514,general,8.57,19.11,10:16,256.9,3.5,3,False,
G2-13,Camiones Medios con Rampa,G0523,general,8.25,18.7,10:22,262.5,3.0,2,True,
G2-13,Camiones Medios con Rampa,G0550,general,7.79,18.47,10:27,267.6,2.5,1,False,
G2-13,Camiones Medios con Rampa,G0557,general,6.51,18.83,10:35,275.4,3.0,2,True,
G2-13,Camiones Medios con Rampa,G0562,general,6.22,17.93,10:42,282.2,2.5,1,False,
G2-13,Camiones Medios con Rampa,G0564,general,6.61,17.84,10:46,286.3,3.5,3,False,
G2-13,Camiones Medios con Rampa,G0535,general,6.93,17.33,10:52,292.2,3.0,2,False,
G2-13,Camiones Medios con Rampa,G0528,general,7.4,16.72,10:58,298.3,3.0,2,False,
G2-13,Camiones Medios con Rampa,G0529,general,7.81,16.32,11:03,303.6,2.5,1,False,
G2-13,Camiones Medios con Rampa,G0257,general,7.8,15.61,11:08,308.9,3.5,3,False,
G2-13,Camiones Medios con Rampa,G0552,general,6.63,15.82,11:17,317.2,2.5,1,False,
G2-13,Camiones Medios con Rampa,G0549,general,5.6,16.78,11:25,325.3,2.5,1,False,
G2-13,Camiones Medios con Rampa,G0551,general,5.04,17.06,11:30,330.3,3.0,2,True,
G2-13,Camiones Medios con Rampa,G0534,general,4.65,16.42,11:36,336.3,2.5,1,False,
G2-13,Camiones Medios con Rampa,G0522,general,4.25,18.71,11:48,348.0,2.5,1,False,
G2-13,Camiones Medios con Rampa,G0561,general,5.22,18.78,11:54,354.4,2.5,1,False,
G2-13,Camiones Medios con Rampa,G0545,general,5.22,18.89,11:57,357.4,3.5,3,False,
G2-13,Camiones Medios con Rampa,G0553,general,5.66,19.5,12:03,363.9,3.0,2,False,
G2-13,Camiones Medios con Rampa,G0530,general,5.97,19.7,12:08,368.4,2.5,1,False,
G2-13,Camiones Medios con Rampa,G0556,general,5.53,19.87,12:12,372.8,3.5,3,False,
G2-13,Camiones Medios con Rampa,G0538,general,6.15,20.15,12:18,379.0,2.5,1,False,
G2-13,Camiones Medios con Rampa,G0241,general,6.26,20.41,12:22,382.6,2.5,1,True,
G2-13,Camiones Medios con Rampa,G0547,general,4.45,19.83,12:32,392.8,3.0,2,True,
G2-14,Camiones Medios con Rampa,G0382,general,17.99,17.05,09:00,180,2.5,1,False,
G2-14,Camiones Medios con Rampa,G0357,general,18.22,17.25,09:03,183.7,3.5,3,False,
G2-14,Camiones Medios con Rampa,G0369,general,18.7,16.97,09:09,189.4,3.5,3,False,
G2-14,Camiones Medios con Rampa,G0567,general,18.88,16.92,09:13,193.7,2.5,1,False,
G2-14,Camiones Medios con Rampa,G0380,general,18.8,17.27,09:17,197.6,3.5,3,False,
G2-14,Camiones Medios con Rampa,G0573,general,18.7,17.67,09:22,202.7,3.0,2,False,
G2-14,Camiones Medios con Rampa,G0422,general,18.48,18.09,09:27,207.6,3.0,2,False,
G2-14,Camiones Medios con Rampa,G0576,general,18.44,18.22,09:31,211.2,2.5,1,False,
G2-14,Camiones Medios con Rampa,G0596,general,18.31,18.1,09:34,214.4,3.0,2,False,
G2-14,Camiones Medios con Rampa,G0588,general,18.3,17.93,09:38,218.1,2.5,1,False,
G2-14,Camiones Medios con Rampa,G0384,general,18.24,17.88,09:40,220.9,2.5,1,False,
G2-14,Camiones Medios con Rampa,G0592,general,18.73,18.19,09:45,225.7,2.5,1,False,
G2-14,Camiones Medios con Rampa,G0604,general,19.11,18.1,09:49,229.7,3.5,3,False,
G2-14,Camiones Medios con Rampa,G0565,general,19.24,17.82,09:54,234.5,3.0,2,False,
G2-14,Camiones Medios con Rampa,G0583,general,19.31,17.24,09:59,239.8,3.5,3,False,
G2-14,Camiones Medios con Rampa,G0594,general,19.3,16.94,10:04,244.5,2.5,1,False,
G2-14,Camiones Medios con Rampa,G0577,general,19.2,16.65,10:08,248.3,3.5,3,True,
G2-14,Camiones Medios con Rampa,G0587,general,19.44,16.35,10:13,253.3,3.0,2,False,
G2-14,Camiones Medios con Rampa,G0420,general,18.71,16.54,10:19,259.3,3.5,3,False,
G2-14,Camiones Medios con Rampa,G0429,general,18.57,16.27,10:24,264.0,3.0,2,True,
G2-14,Camiones Medios con Rampa,G0010,general,18.39,16.4,10:27,267.9,3.5,3,False,
G2-14,Camiones Medios con Rampa,G0595,general,20.08,16.83,10:38,278.4,3.5,3,False,
G2-14,Camiones Medios con Rampa,G0589,general,20.42,16.91,10:43,283.3,3.0,2,False,
G2-14,Camiones Medios con Rampa,G0412,general,20.58,16.77,10:47,287.2,3.5,3,False,
G2-14,Camiones Medios con Rampa,G0597,general,20.91,17.3,10:53,293.2,3.0,2,False,
G2-14,Camiones Medios con Rampa,G0581,general,20.63,17.5,10:57,297.6,3.0,2,False,
G2-14,Camiones Medios con Rampa,G0580,general,20.56,17.54,11:00,300.9,3.5,3,False,
G2-14,Camiones Medios con Rampa,G0590,general,20.42,18.22,11:07,307.2,2.5,1,False,
G2-14,Camiones Medios con Rampa,G0605,general,20.49,18.31,11:10,310.1,3.0,2,False,
G2-14,Camiones Medios con Rampa,G0602,general,20.35,18.58,11:14,314.3,3.0,2,False,
G2-14,Camiones Medios con Rampa,G0606,general,20.02,18.18,11:19,319.4,2.5,1,False,
G2-14,Camiones Medios con Rampa,G0566,general,19.96,18.11,11:22,322.3,2.5,1,False,
G2-14,Camiones Medios con Rampa,G0574,general,19.77,19.07,11:28,328.7,2.5,1,False,
G2-14,Camiones Medios con Rampa,G0598,general,20.56,19.46,11:34,334.7,3.5,3,False,
G2-14,Camiones Medios con Rampa,G0586,general,20.63,20.58,11:42,342.7,3.5,3,True,
G2-14,Camiones Medios con Rampa,G0090,general,18.91,20.35,11:53,353.2,3.0,2,False,
G2-14,Camiones Medios con Rampa,G0584,general,21.27,18.46,12:08,368.2,3.5,3,False,
G2-14,Camiones Medios con Rampa,G0578,general,21.46,18.34,12:12,372.6,3.0,2,False,
G2-14,Camiones Medios con Rampa,G0593,general,21.38,18.11,12:16,376.6,3.5,3,True,
G2-14,Camiones Medios con Rampa,G0440,general,21.24,17.98,12:20,380.9,2.5,1,False,
G2-14,Camiones Medios con Rampa,G0591,general,21.58,17.19,12:26,386.8,3.0,2,False,
G2-14,Camiones Medios con Rampa,G0449,general,21.95,16.78,12:32,392.0,2.5,1,False,
G2-14,Camiones Medios con Rampa,G0456,general,22.09,16.53,12:35,395.7,3.5,3,False,
G2-14,Camiones Medios con Rampa,G0436,general,22.14,16.55,12:39,399.4,3.5,3,False,
G2-14,Camiones Medios con Rampa,G0607,general,21.27,16.4,12:46,406.5,3.0,2,False,
G2-14,Camiones Medios con Rampa,G0582,general,20.7,15.32,12:54,414.4,3.5,3,False,
G2-15,Camiones Medios con Rampa,G0020,general,12.91,15.16,09:00,180,3.5,3,False,
G2-15,Camiones Medios con Rampa,G0152,general,12.61,15.0,09:04,184.8,3.5,3,False,
G2-15,Camiones Medios con Rampa,G0612,general,12.5,15.14,09:09,189.1,3.5,3,True,
G2-15,Camiones Medios con Rampa,G0649,general,12.1,14.9,09:14,194.4,3.0,2,False,
G2-15,Camiones Medios con Rampa,G0617,general,12.06,14.62,09:18,198.6,2.5,1,False,
G2-15,Camiones Medios con Rampa,G0176,general,11.96,14.04,09:23,203.4,2.5,1,False,
G2-15,Camiones Medios con Rampa,G0136,general,12.38,13.87,09:27,207.7,3.5,3,True,
G2-15,Camiones Medios con Rampa,G0140,general,11.49,14.37,09:35,215.3,3.5,3,False,
G2-15,Camiones Medios con Rampa,G0609,general,11.31,14.61,09:40,220.0,2.5,1,False,
G2-15,Camiones Medios con Rampa,G0167,general,10.94,14.49,09:44,224.0,2.5,1,False,
G2-15,Camiones Medios con Rampa,G0168,general,10.89,15.43,09:50,230.3,3.0,2,False,
G2-15,Camiones Medios con Rampa,G0171,general,11.73,15.92,09:57,237.2,3.0,2,False,
G2-15,Camiones Medios con Rampa,G0015,general,11.69,16.15,10:01,241.1,3.5,3,True,
G2-15,Camiones Medios con Rampa,G0638,general,11.95,16.53,10:06,246.5,3.5,3,True,
G2-15,Camiones Medios con Rampa,G0146,general,12.02,16.75,10:10,250.9,3.5,3,False,
G2-15,Camiones Medios con Rampa,G0134,general,12.01,16.92,10:15,255.1,3.5,3,False,
G2-15,Camiones Medios con Rampa,G0144,general,11.97,17.29,10:20,260.1,3.0,2,False,
G2-15,Camiones Medios con Rampa,G0642,general,12.15,17.31,10:23,263.8,3.5,3,False,
G2-15,Camiones Medios con Rampa,G0637,general,12.47,17.41,10:28,268.6,2.5,1,False,
G2-15,Camiones Medios con Rampa,G0625,general,12.5,17.62,10:31,272.0,3.5,3,False,
G2-15,Camiones Medios con Rampa,G0613,general,12.63,17.76,10:36,276.3,3.0,2,False,
G2-15,Camiones Medios con Rampa,G0137,general,12.77,17.84,10:39,279.9,3.0,2,True,
G2-15,Camiones Medios con Rampa,G0161,general,12.09,18.07,10:45,285.8,3.0,2,False,
G2-15,Camiones Medios con Rampa,G0138,general,11.86,17.68,10:50,290.6,2.5,1,False,
G2-15,Camiones Medios con Rampa,G0621,general,11.69,17.45,10:54,294.3,3.5,3,False,
G2-15,Camiones Medios con Rampa,G0643,general,11.64,17.44,10:58,298.0,3.5,3,False,
G2-15,Camiones Medios con Rampa,G0639,general,11.42,17.83,11:03,303.3,3.5,3,False,
G2-15,Camiones Medios con Rampa,G0503,general,11.17,18.06,11:08,308.2,3.0,2,False,
G2-15,Camiones Medios con Rampa,G0250,general,11.02,18.16,11:11,311.9,3.5,3,False,
G2-15,Camiones Medios con Rampa,G0174,general,10.87,18.22,11:16,316.0,3.5,3,False,
G2-15,Camiones Medios con Rampa,G0155,general,10.94,17.99,11:20,320.5,2.5,1,True,
G2-15,Camiones Medios con Rampa,G0160,general,11.08,17.41,11:25,325.4,3.5,3,False,
G2-15,Camiones Medios con Rampa,G0233,general,11.12,17.3,11:29,329.3,3.5,3,True,
G2-15,Camiones Medios con Rampa,G0629,general,11.28,17.13,11:33,333.8,3.0,2,False,
G2-15,Camiones Medios con Rampa,G0157,general,10.78,16.97,11:38,338.9,3.0,2,False,
G2-15,Camiones Medios con Rampa,G0634,general,11.42,18.42,11:48,348.3,3.0,2,False,
G2-15,Camiones Medios con Rampa,G0624,general,11.51,18.41,11:51,351.6,2.5,1,False,
G2-15,Camiones Medios con Rampa,G0141,general,12.18,18.72,11:57,357.1,2.5,1,False,
G2-15,Camiones Medios con Rampa,G0156,general,12.27,18.75,11:59,359.9,3.5,3,True,
G2-15,Camiones Medios con Rampa,G0622,general,12.35,16.22,12:13,373.6,3.0,2,False,
G2-15,Camiones Medios con Rampa,G0644,general,12.62,15.76,12:18,378.7,2.5,1,False,
G2-15,Camiones Medios con Rampa,G0013,general,12.21,15.53,12:23,383.1,3.0,2,False,
G3-01,Camiones Porta-Vehículos,V0003,vehicle,17.92,20.91,10:00,240,7,1,False,
G3-01,Camiones Porta-Vehículos,V0008,vehicle,18.45,22.64,10:16,256.0,7,1,False,
G3-01,Camiones Porta-Vehículos,V0001,vehicle,19.65,21.7,10:30,270.6,7,1,False,
G3-01,Camiones Porta-Vehículos,V0006,vehicle,20.0,22.21,10:40,280.7,7,1,False,
G3-01,Camiones Porta-Vehículos,V0010,vehicle,20.11,22.17,10:48,288.3,7,1,False,
G3-01,Camiones Porta-Vehículos,V0005,vehicle,20.73,21.71,10:59,299.2,7,1,False,
G3-01,Camiones Porta-Vehículos,V0004,vehicle,21.27,23.03,11:13,313.2,7,1,False,
G3-01,Camiones Porta-Vehículos,V0002,vehicle,23.25,21.67,11:32,332.3,7,1,False,
G3-01,Camiones Porta-Vehículos,V0009,vehicle,21.96,18.87,11:54,354.7,7,1,False,
G3-02,Camiones Porta-Vehículos,V0087,vehicle,20.5,13.18,10:00,240,7,1,False,
G3-02,Camiones Porta-Vehículos,V0019,vehicle,20.86,12.69,10:10,250.0,7,1,False,
G3-02,Camiones Porta-Vehículos,V0016,vehicle,21.72,13.07,10:21,261.7,7,1,False,
G3-02,Camiones Porta-Vehículos,V0089,vehicle,22.22,12.44,10:32,272.7,7,1,False,
G3-02,Camiones Porta-Vehículos,V0082,vehicle,21.82,11.53,10:44,284.7,7,1,False,
G3-02,Camiones Porta-Vehículos,V0013,vehicle,23.52,11.9,11:00,300.4,7,1,False,
G3-02,Camiones Porta-Vehículos,V0015,vehicle,23.87,13.84,11:17,317.3,7,1,False,
G3-02,Camiones Porta-Vehículos,V0018,vehicle,22.83,14.0,11:29,329.5,7,1,False,
G3-02,Camiones Porta-Vehículos,V0017,vehicle,22.15,14.3,11:40,340.2,7,1,False,
G3-02,Camiones Porta-Vehículos,V0011,vehicle,21.71,15.61,11:54,354.1,7,1,False,
G3-02,Camiones Porta-Vehículos,V0012,vehicle,21.84,16.08,12:03,363.6,7,1,False,
G3-03,Camiones Porta-Vehículos,V0021,vehicle,14.22,15.39,10:00,240,7,1,False,
G3-03,Camiones Porta-Vehículos,V0024,vehicle,13.4,16.6,10:14,254.3,7,1,False,
G3-03,Camiones Porta-Vehículos,V0023,vehicle,12.56,17.55,10:27,267.6,7,1,False,
G3-03,Camiones Porta-Vehículos,V0030,vehicle,11.93,16.77,10:39,279.6,7,1,False,
G3-03,Camiones Porta-Vehículos,V0029,vehicle,11.62,16.98,10:48,288.5,7,1,False,
G3-03,Camiones Porta-Vehículos,V0022,vehicle,11.45,15.92,11:00,300.9,7,1,False,
G3-03,Camiones Porta-Vehículos,V0025,vehicle,12.27,15.73,11:12,312.1,7,1,False,
G3-03,Camiones Porta-Vehículos,V0028,vehicle,11.63,14.71,11:25,325.2,7,1,False,
G3-03,Camiones Porta-Vehículos,V0026,vehicle,10.4,18.75,11:53,353.3,7,1,False,
G3-04,Camiones Porta-Vehículos,V0037,vehicle,10.76,8.43,10:00,240,7,1,False,
G3-04,Camiones Porta-Vehículos,V0074,vehicle,10.36,8.09,10:09,249.6,7,1,False,
G3-04,Camiones Porta-Vehículos,V0075,vehicle,10.19,7.43,10:20,260.0,7,1,False,
G3-04,Camiones Porta-Vehículos,V0036,vehicle,9.56,6.97,10:30,270.9,7,1,False,
G3-04,Camiones Porta-Vehículos,V0077,vehicle,8.55,5.88,10:45,285.4,7,1,False,
G3-05,Camiones Porta-Vehículos,V0066,vehicle,8.39,11.12,10:00,240,7,1,False,
G3-05,Camiones Porta-Vehículos,V0043,vehicle,7.18,10.01,10:15,255.2,7,1,False,
G3-05,Camiones Porta-Vehículos,V0047,vehicle,7.37,9.58,10:24,264.5,7,1,False,
G3-05,Camiones Porta-Vehículos,V0050,vehicle,8.13,9.44,10:35,275.4,7,1,False,
G3-05,Camiones Porta-Vehículos,V0048,vehicle,8.38,8.62,10:46,286.7,7,1,False,
G3-05,Camiones Porta-Vehículos,V0035,vehicle,7.43,8.55,10:58,298.5,7,1,False,
G3-05,Camiones Porta-Vehículos,V0040,vehicle,7.7,7.93,11:08,308.9,7,1,False,
G3-05,Camiones Porta-Vehículos,V0041,vehicle,6.66,8.59,11:22,322.0,7,1,False,
G3-05,Camiones Porta-Vehículos,V0076,vehicle,6.66,8.9,11:30,330.6,7,1,False,
G3-05,Camiones Porta-Vehículos,V0042,vehicle,6.07,8.52,11:41,341.1,7,1,False,
G3-06,Camiones Porta-Vehículos,V0027,vehicle,14.92,19.99,10:00,240,7,1,False,
G3-06,Camiones Porta-Vehículos,V0052,vehicle,15.53,21.0,10:12,252.9,7,1,False,
G3-06,Camiones Porta-Vehículos,V0051,vehicle,16.8,21.9,10:27,267.7,7,1,False,
G3-06,Camiones Porta-Vehículos,V0058,vehicle,16.52,22.4,10:37,277.6,7,1,False,
G3-06,Camiones Porta-Vehículos,V0007,vehicle,17.44,22.0,10:49,289.6,7,1,False,
G3-06,Camiones Porta-Vehículos,V0053,vehicle,15.57,23.48,11:08,308.5,7,1,False,
G3-06,Camiones Porta-Vehículos,V0060,vehicle,15.15,24.31,11:20,320.2,7,1,False,
G3-06,Camiones Porta-Vehículos,V0055,vehicle,16.04,24.32,11:31,331.6,7,1,False,
G3-06,Camiones Porta-Vehículos,V0059,vehicle,14.71,25.33,11:46,347.0,7,1,False,
G3-06,Camiones Porta-Vehículos,V0056,vehicle,14.0,25.01,11:57,357.9,7,1,False,
G3-06,Camiones Porta-Vehículos,V0057,vehicle,14.07,24.07,12:09,369.6,7,1,False,
G3-07,Camiones Porta-Vehículos,V0063,vehicle,9.68,13.59,10:00,240,7,1,False,
G3-07,Camiones Porta-Vehículos,V0070,vehicle,9.34,12.94,10:10,250.7,7,1,False,
G3-07,Camiones Porta-Vehículos,V0062,vehicle,9.23,14.29,10:24,264.5,7,1,False,
G3-07,Camiones Porta-Vehículos,V0067,vehicle,8.22,13.93,10:36,276.8,7,1,False,
G3-07,Camiones Porta-Vehículos,V0069,vehicle,7.59,14.44,10:47,287.9,7,1,False,
G3-07,Camiones Porta-Vehículos,V0068,vehicle,6.9,14.33,10:58,298.4,7,1,False,
G3-07,Camiones Porta-Vehículos,V0064,vehicle,6.74,13.97,11:07,307.4,7,1,False,
G3-07,Camiones Porta-Vehículos,V0065,vehicle,7.21,13.54,11:17,317.5,7,1,False,
G3-07,Camiones Porta-Vehículos,V0061,vehicle,4.84,17.58,11:47,347.9,7,1,False,
G3-08,Camiones Porta-Vehículos,V0071,vehicle,11.75,8.18,10:00,240,7,1,False,
G3-08,Camiones Porta-Vehículos,V0080,vehicle,11.29,7.66,10:10,250.5,7,1,False,
G3-08,Camiones Porta-Vehículos,V0092,vehicle,11.76,7.04,10:21,261.4,7,1,False,
G3-08,Camiones Porta-Vehículos,V0079,vehicle,10.62,6.67,10:34,274.4,7,1,False,
G3-08,Camiones Porta-Vehículos,V0034,vehicle,10.37,6.08,10:44,284.6,7,1,False,
G3-08,Camiones Porta-Vehículos,V0032,vehicle,10.35,5.62,10:53,293.9,7,1,False,
G3-08,Camiones Porta-Vehículos,V0072,vehicle,10.69,5.34,11:03,303.1,7,1,False,
G3-08,Camiones Porta-Vehículos,V0033,vehicle,9.67,6.12,11:16,316.5,7,1,False,
G3-08,Camiones Porta-Vehículos,V0073,vehicle,9.73,6.44,11:25,325.1,7,1,False,
G3-08,Camiones Porta-Vehículos,V0038,vehicle,9.2,5.27,11:38,338.6,7,1,False,
G3-09,Camiones Porta-Vehículos,V0014,vehicle,17.3,11.71,10:00,240,7,1,False,
G3-09,Camiones Porta-Vehículos,V0084,vehicle,18.08,11.73,10:10,250.9,7,1,False,
G3-09,Camiones Porta-Vehículos,V0083,vehicle,18.46,12.13,10:20,260.7,7,1,False,
G3-09,Camiones Porta-Vehículos,V0086,vehicle,18.66,10.95,10:33,273.7,7,1,False,
G3-09,Camiones Porta-Vehículos,V0090,vehicle,18.26,10.04,10:45,285.7,7,1,False,
G3-09,Camiones Porta-Vehículos,V0085,vehicle,20.09,9.77,11:01,301.9,7,1,False,
G3-09,Camiones Porta-Vehículos,V0088,vehicle,22.51,9.07,11:21,321.5,7,1,False,
G3-10,Camiones Porta-Vehículos,V0100,vehicle,14.48,10.03,10:00,240,7,1,False,
G3-10,Camiones Porta-Vehículos,V0095,vehicle,13.47,8.87,10:14,254.7,7,1,False,
G3-10,Camiones Porta-Vehículos,V0094,vehicle,13.55,8.01,10:26,266.0,7,1,False,
G3-10,Camiones Porta-Vehículos,V0093,vehicle,13.2,6.82,10:39,279.2,7,1,False,
G3-10,Camiones Porta-Vehículos,V0099,vehicle,13.3,6.56,10:47,287.6,7,1,False,
G3-10,Camiones Porta-Vehículos,V0031,vehicle,12.5,5.96,10:59,299.6,7,1,False,
G3-10,Camiones Porta-Vehículos,V0096,vehicle,14.64,6.45,11:17,317.5,7,1,False,
G3-10,Camiones Porta-Vehículos,V0091,vehicle,14.74,7.2,11:28,328.3,7,1,False,
G3-10,Camiones Porta-Vehículos,V0081,vehicle,15.89,7.62,11:41,341.4,7,1,False,
G3-10,Camiones Porta-Vehículos,V0097,vehicle,17.62,5.05,12:03,363.9,7,1,False,
G3-10,Camiones Porta-Vehículos,V0098,vehicle,13.78,3.86,12:30,391.0,7,1,False,
G4-01,Semirremolques de Gran Porte,B0005,bulk,15.32,16.83,06:27,27.4,3.5,1,False,
G4-01,Semirremolques de Gran Porte,B0041,bulk,15.25,17.52,06:33,33.9,3.5,1,False,
G4-01,Semirremolques de Gran Porte,B0031,bulk,15.1,17.73,06:38,38.5,3.5,1,False,
G4-01,Semirremolques de Gran Porte,B0040,bulk,14.92,17.45,06:43,43.3,4.5,3,False,
G4-01,Semirremolques de Gran Porte,B0019,bulk,14.54,17.94,06:50,50.5,3.5,1,False,
G4-01,Semirremolques de Gran Porte,B0009,bulk,14.32,17.9,06:54,55.0,4.0,2,False,
G4-01,Semirremolques de Gran Porte,B0017,bulk,14.12,18.12,07:00,60.2,4.0,2,False,
G4-01,Semirremolques de Gran Porte,B0028,bulk,14.14,18.37,07:05,65.3,4.5,3,False,
G4-01,Semirremolques de Gran Porte,B0003,bulk,14.58,18.42,07:11,71.7,3.5,1,False,
G4-01,Semirremolques de Gran Porte,B0022,bulk,14.66,19.04,07:17,77.9,4.0,2,True,
G4-01,Semirremolques de Gran Porte,B0004,bulk,14.3,19.64,07:24,84.9,3.5,1,False,
G4-01,Semirremolques de Gran Porte,B0038,bulk,14.36,19.83,07:29,89.3,3.5,1,True,
G4-01,Semirremolques de Gran Porte,B0029,bulk,14.33,20.2,07:34,94.3,4.5,3,False,
G4-01,Semirremolques de Gran Porte,B0046,bulk,14.57,20.47,07:40,100.4,4.0,2,False,
G4-01,Semirremolques de Gran Porte,B0051,bulk,14.11,20.6,07:46,106.4,3.5,1,False,
G4-01,Semirremolques de Gran Porte,B0030,bulk,14.21,20.83,07:51,111.0,3.5,1,False,
G4-01,Semirremolques de Gran Porte,B0043,bulk,14.21,20.89,07:54,114.8,4.5,3,False,
G4-01,Semirremolques de Gran Porte,B0007,bulk,14.32,21.25,08:00,120.9,3.5,1,False,
G4-01,Semirremolques de Gran Porte,B0049,bulk,14.39,21.56,08:05,125.8,4.0,2,False,
G4-01,Semirremolques de Gran Porte,B0036,bulk,13.66,21.13,08:13,133.4,3.5,1,False,
G4-01,Semirremolques de Gran Porte,B0006,bulk,13.83,20.74,08:18,138.8,3.5,1,False,
G4-01,Semirremolques de Gran Porte,B0032,bulk,13.59,20.5,08:23,143.7,4.0,2,False,
G4-01,Semirremolques de Gran Porte,B0047,bulk,13.41,20.18,08:29,149.3,3.5,1,False,
G4-01,Semirremolques de Gran Porte,B0026,bulk,13.21,20.52,08:34,154.4,3.5,1,True,
G4-01,Semirremolques de Gran Porte,B0025,bulk,13.64,19.74,08:41,161.8,3.5,1,False,
G4-01,Semirremolques de Gran Porte,B0042,bulk,13.73,19.74,08:45,165.6,4.0,2,False,
G4-01,Semirremolques de Gran Porte,B0001,bulk,13.6,19.64,08:50,170.3,3.5,1,False,
G4-01,Semirremolques de Gran Porte,B0052,bulk,13.85,18.76,08:57,177.8,3.5,1,False,
G4-01,Semirremolques de Gran Porte,B0027,bulk,13.55,17.85,09:05,185.4,4.5,3,False,
G4-01,Semirremolques de Gran Porte,B0039,bulk,13.9,16.95,09:14,194.0,4.5,3,True,
G4-01,Semirremolques de Gran Porte,B0013,bulk,13.04,16.55,09:22,202.6,3.5,1,False,
G4-01,Semirremolques de Gran Porte,B0008,bulk,12.07,18.95,09:37,217.2,4.0,2,True,
G4-01,Semirremolques de Gran Porte,B0067,bulk,11.38,19.21,09:44,224.4,3.5,1,False,
G4-01,Semirremolques de Gran Porte,B0048,bulk,12.0,21.13,09:56,236.5,4.5,3,False,
G4-01,Semirremolques de Gran Porte,B0016,bulk,12.11,21.68,10:03,243.4,4.0,2,False,
G4-01,Semirremolques de Gran Porte,B0050,bulk,13.18,21.5,10:12,252.1,4.0,2,False,
G4-01,Semirremolques de Gran Porte,B0012,bulk,13.48,21.78,10:17,257.9,4.0,2,False,
G4-01,Semirremolques de Gran Porte,B0035,bulk,13.75,23.01,10:27,267.2,4.0,2,False,
G4-01,Semirremolques de Gran Porte,B0020,bulk,15.64,22.06,10:40,280.3,3.5,1,False,
G4-01,Semirremolques de Gran Porte,B0018,bulk,16.26,21.4,10:47,287.7,4.0,2,False,
G4-01,Semirremolques de Gran Porte,B0037,bulk,15.92,20.27,10:56,296.8,4.0,2,False,
G4-01,Semirremolques de Gran Porte,B0023,bulk,16.41,19.95,11:03,303.3,4.0,2,False,
G4-01,Semirremolques de Gran Porte,B0014,bulk,16.74,19.63,11:09,309.3,4.5,3,True,
G4-01,Semirremolques de Gran Porte,B0045,bulk,17.06,20.12,11:16,316.3,4.5,3,False,
G4-01,Semirremolques de Gran Porte,B0015,bulk,15.48,19.2,11:28,328.6,3.5,1,True,
G4-01,Semirremolques de Gran Porte,B0033,bulk,15.27,19.58,11:33,333.9,4.0,2,False,
G4-01,Semirremolques de Gran Porte,B0024,bulk,14.91,20.07,11:40,340.5,4.5,3,False,
G4-01,Semirremolques de Gran Porte,B0010,bulk,16.09,18.43,11:53,353.7,4.0,2,False,
G4-01,Semirremolques de Gran Porte,B0034,bulk,16.51,17.45,12:02,362.3,4.5,3,False,
G4-01,Semirremolques de Gran Porte,B0044,bulk,16.68,17.49,12:07,367.5,3.5,1,False,
G4-01,Semirremolques de Gran Porte,B0011,bulk,17.1,18.06,12:14,374.1,4.0,2,False,
G4-01,Semirremolques de Gran Porte,B0021,bulk,17.48,18.26,12:19,379.9,3.5,1,False,
G4-02,Semirremolques de Gran Porte,B0075,bulk,9.89,17.76,07:19,79.2,4.5,3,False,
G4-02,Semirremolques de Gran Porte,B0093,bulk,9.43,17.75,07:25,85.7,4.5,3,False,
G4-02,Semirremolques de Gran Porte,B0099,bulk,8.74,17.73,07:33,93.1,3.5,1,False,
G4-02,Semirremolques de Gran Porte,B0069,bulk,8.68,18.03,07:37,97.9,4.0,2,False,
G4-02,Semirremolques de Gran Porte,B0098,bulk,8.38,18.28,07:43,103.6,4.5,3,True,
G4-02,Semirremolques de Gran Porte,B0086,bulk,8.06,18.2,07:49,109.5,4.5,3,True,
G4-02,Semirremolques de Gran Porte,B0101,bulk,7.95,18.35,07:54,114.8,3.5,1,False,
G4-02,Semirremolques de Gran Porte,B0104,bulk,7.59,18.35,07:59,119.9,4.5,3,False,
G4-02,Semirremolques de Gran Porte,B0055,bulk,7.73,18.98,08:07,127.1,4.0,2,False,
G4-02,Semirremolques de Gran Porte,B0094,bulk,7.47,19.43,08:13,133.4,4.0,2,False,
G4-02,Semirremolques de Gran Porte,B0092,bulk,7.04,19.2,08:19,139.5,4.0,2,False,
G4-02,Semirremolques de Gran Porte,B0070,bulk,6.98,18.88,08:24,144.8,3.5,1,False,
G4-02,Semirremolques de Gran Porte,B0064,bulk,6.93,18.53,08:29,149.9,4.0,2,False,
G4-02,Semirremolques de Gran Porte,B0066,bulk,6.53,18.51,08:35,155.6,4.5,3,False,
G4-02,Semirremolques de Gran Porte,B0088,bulk,6.61,17.89,08:42,162.8,3.5,1,False,
G4-02,Semirremolques de Gran Porte,B0102,bulk,6.81,17.47,08:48,168.3,3.5,1,False,
G4-02,Semirremolques de Gran Porte,B0096,bulk,6.52,17.29,08:53,173.3,4.0,2,False,
G4-02,Semirremolques de Gran Porte,B0071,bulk,6.26,17.41,08:58,178.5,4.0,2,True,
G4-02,Semirremolques de Gran Porte,B0062,bulk,6.54,17.0,09:04,184.6,3.5,1,False,
G4-02,Semirremolques de Gran Porte,B0074,bulk,7.45,16.62,09:12,192.3,4.5,3,False,
G4-02,Semirremolques de Gran Porte,B0065,bulk,7.7,16.34,09:18,198.4,3.5,1,False,
G4-02,Semirremolques de Gran Porte,B0061,bulk,8.06,16.73,09:24,204.2,4.0,2,True,
G4-02,Semirremolques de Gran Porte,B0081,bulk,7.49,17.51,09:32,212.3,3.5,1,False,
G4-02,Semirremolques de Gran Porte,B0077,bulk,8.16,17.86,09:39,219.0,4.5,3,False,
G4-02,Semirremolques de Gran Porte,B0087,bulk,8.41,18.93,09:48,228.2,3.5,1,False,
G4-02,Semirremolques de Gran Porte,B0072,bulk,8.5,19.12,09:52,232.6,4.5,3,True,
G4-02,Semirremolques de Gran Porte,B0082,bulk,8.64,19.48,09:58,238.8,3.5,1,False,
G4-02,Semirremolques de Gran Porte,B0059,bulk,8.58,19.65,10:03,243.1,3.5,1,False,
G4-02,Semirremolques de Gran Porte,B0089,bulk,8.43,20.0,10:08,248.2,3.5,1,False,
G4-02,Semirremolques de Gran Porte,B0100,bulk,8.17,19.76,10:13,253.2,4.5,3,True,
G4-02,Semirremolques de Gran Porte,B0057,bulk,8.96,19.78,10:21,261.1,4.0,2,False,
G4-02,Semirremolques de Gran Porte,B0060,bulk,9.02,19.96,10:25,265.9,4.0,2,False,
G4-02,Semirremolques de Gran Porte,B0085,bulk,9.12,19.92,10:30,270.3,4.5,3,False,
G4-02,Semirremolques de Gran Porte,B0076,bulk,9.45,20.05,10:36,276.4,4.5,3,False,
G4-02,Semirremolques de Gran Porte,B0079,bulk,8.91,19.42,10:44,284.4,3.5,1,False,
G4-02,Semirremolques de Gran Porte,B0103,bulk,9.0,18.85,10:50,290.4,4.0,2,False,
G4-02,Semirremolques de Gran Porte,B0078,bulk,10.28,19.78,11:01,301.2,4.0,2,True,
G4-02,Semirremolques de Gran Porte,B0083,bulk,9.22,21.06,11:12,312.3,3.5,1,False,
G4-02,Semirremolques de Gran Porte,B0068,bulk,8.38,21.84,11:20,320.7,4.0,2,False,
G4-02,Semirremolques de Gran Porte,B0091,bulk,8.19,21.69,11:25,325.7,4.0,2,False,
G4-02,Semirremolques de Gran Porte,B0073,bulk,7.41,20.27,11:36,336.7,4.5,3,True,
G4-02,Semirremolques de Gran Porte,B0053,bulk,7.18,20.08,11:42,342.4,4.0,2,True,
G4-02,Semirremolques de Gran Porte,B0097,bulk,6.76,20.18,11:48,348.3,4.5,3,True,
G4-02,Semirremolques de Gran Porte,B0090,bulk,6.84,19.52,11:55,355.6,3.5,1,False,
G4-02,Semirremolques de Gran Porte,B0080,bulk,6.71,19.36,12:00,360.0,4.5,3,True,
G4-02,Semirremolques de Gran Porte,B0084,bulk,5.82,19.28,12:08,368.4,4.5,3,True,
G4-02,Semirremolques de Gran Porte,B0056,bulk,6.0,20.85,12:19,379.6,4.0,2,False,
G4-02,Semirremolques de Gran Porte,B0058,bulk,6.36,21.12,12:25,385.6,3.5,1,False,
G4-02,Semirremolques de Gran Porte,B0063,bulk,7.21,16.06,12:51,411.0,3.5,1,False,
G4-02,Semirremolques de Gran Porte,B0095,bulk,6.65,15.64,12:57,417.5,4.5,3,False,
G4-02,Semirremolques de Gran Porte,B0054,bulk,6.28,15.64,13:03,423.6,4.0,2,False,
G4-03,Semirremolques de Gran Porte,B0147,bulk,16.49,14.97,06:22,22.7,3.5,1,False,
G4-03,Semirremolques de Gran Porte,B0002,bulk,17.78,15.6,06:32,32.4,3.5,1,False,
G4-03,Semirremolques de Gran Porte,B0113,bulk,18.17,14.46,06:41,41.0,4.0,2,False,
G4-03,Semirremolques de Gran Porte,B0105,bulk,18.2,14.44,06:45,45.2,4.5,3,False,
G4-03,Semirremolques de Gran Porte,B0151,bulk,18.4,14.1,06:51,51.4,4.0,2,False,
G4-03,Semirremolques de Gran Porte,B0123,bulk,18.6,14.15,06:56,56.3,3.5,1,False,
G4-03,Semirremolques de Gran Porte,B0130,bulk,18.91,13.73,07:02,62.0,4.0,2,False,
G4-03,Semirremolques de Gran Porte,B0116,bulk,18.97,13.74,07:06,66.3,4.0,2,False,
G4-03,Semirremolques de Gran Porte,B0120,bulk,18.99,13.42,07:11,71.7,3.5,1,False,
G4-03,Semirremolques de Gran Porte,B0121,bulk,18.69,13.1,07:17,77.0,4.5,3,False,
G4-03,Semirremolques de Gran Porte,B0128,bulk,18.54,13.48,07:23,83.3,3.5,1,True,
G4-03,Semirremolques de Gran Porte,B0139,bulk,18.1,13.19,07:29,89.0,3.5,1,False,
G4-03,Semirremolques de Gran Porte,B0152,bulk,18.29,13.01,07:33,93.6,4.0,2,False,
G4-03,Semirremolques de Gran Porte,B0142,bulk,18.31,12.99,07:37,97.8,3.5,1,False,
G4-03,Semirremolques de Gran Porte,B0135,bulk,18.27,12.87,07:41,101.8,4.0,2,False,
G4-03,Semirremolques de Gran Porte,B0110,bulk,18.48,12.57,07:47,107.4,3.5,1,False,
G4-03,Semirremolques de Gran Porte,B0134,bulk,18.92,11.89,07:54,114.3,3.5,1,False,
G4-03,Semirremolques de Gran Porte,B0137,bulk,18.82,11.56,07:59,119.3,4.5,3,False,
G4-03,Semirremolques de Gran Porte,B0148,bulk,19.12,11.45,08:05,125.2,4.0,2,True,
G4-03,Semirremolques de Gran Porte,B0136,bulk,19.84,11.63,08:12,132.4,3.5,1,False,
G4-03,Semirremolques de Gran Porte,B0114,bulk,19.86,11.66,08:16,136.0,4.5,3,False,
G4-03,Semirremolques de Gran Porte,B0138,bulk,19.59,12.26,08:23,143.4,3.5,1,False,
G4-03,Semirremolques de Gran Porte,B0108,bulk,19.49,12.7,08:28,148.8,3.5,1,False,
G4-03,Semirremolques de Gran Porte,B0150,bulk,19.9,12.73,08:34,154.0,3.5,1,False,
G4-03,Semirremolques de Gran Porte,B0143,bulk,20.22,12.94,08:39,159.2,4.5,3,False,
G4-03,Semirremolques de Gran Porte,B0115,bulk,20.27,13.23,08:44,164.9,3.5,1,False,
G4-03,Semirremolques de Gran Porte,B0133,bulk,20.87,13.07,08:51,171.1,4.5,3,False,
G4-03,Semirremolques de Gran Porte,B0149,bulk,21.41,12.38,08:59,179.3,3.5,1,False,
G4-03,Semirremolques de Gran Porte,B0146,bulk,21.89,11.69,09:06,186.5,3.5,1,False,
G4-03,Semirremolques de Gran Porte,B0127,bulk,22.03,11.4,09:11,191.3,4.0,2,True,
G4-03,Semirremolques de Gran Porte,B0109,bulk,20.83,11.43,09:20,200.5,4.0,2,False,
G4-03,Semirremolques de Gran Porte,B0156,bulk,20.83,11.12,09:25,205.8,4.5,3,False,
G4-03,Semirremolques de Gran Porte,B0141,bulk,20.04,10.56,09:34,214.5,4.5,3,True,
G4-03,Semirremolques de Gran Porte,B0111,bulk,19.57,10.31,09:41,221.2,3.5,1,False,
G4-03,Semirremolques de Gran Porte,B0117,bulk,19.6,10.86,09:47,227.1,3.5,1,False,
G4-03,Semirremolques de Gran Porte,B0155,bulk,19.12,9.76,09:55,235.7,4.0,2,False,
G4-03,Semirremolques de Gran Porte,B0129,bulk,19.01,9.75,10:00,240.2,4.0,2,False,
G4-03,Semirremolques de Gran Porte,B0144,bulk,18.82,9.02,10:07,247.4,4.0,2,True,
G4-03,Semirremolques de Gran Porte,B0118,bulk,18.05,9.39,10:15,255.1,4.0,2,False,
G4-03,Semirremolques de Gran Porte,B0145,bulk,16.34,10.51,10:27,267.8,4.5,3,False,
G4-03,Semirremolques de Gran Porte,B0131,bulk,17.08,11.56,10:37,277.8,3.5,1,False,
G4-03,Semirremolques de Gran Porte,B0140,bulk,17.13,11.67,10:41,281.8,4.0,2,False,
G4-03,Semirremolques de Gran Porte,B0106,bulk,17.32,12.5,10:49,289.5,4.5,3,False,
G4-03,Semirremolques de Gran Porte,B0124,bulk,17.43,12.88,10:55,295.7,3.5,1,False,
G4-03,Semirremolques de Gran Porte,B0125,bulk,17.33,13.75,11:02,303.0,3.5,1,False,
G4-03,Semirremolques de Gran Porte,B0153,bulk,16.38,13.09,11:11,311.4,3.5,1,False,
G4-03,Semirremolques de Gran Porte,B0126,bulk,19.58,13.71,11:28,328.9,4.5,3,False,
G4-03,Semirremolques de Gran Porte,B0119,bulk,19.98,14.72,11:38,338.0,4.5,3,False,
G4-03,Semirremolques de Gran Porte,B0122,bulk,20.63,14.4,11:45,345.7,4.5,3,False,
G4-03,Semirremolques de Gran Porte,B0107,bulk,21.35,14.17,11:53,353.4,4.5,3,False,
G4-03,Semirremolques de Gran Porte,B0112,bulk,21.9,14.22,12:00,360.3,4.5,3,False,
G4-03,Semirremolques de Gran Porte,B0154,bulk,23.11,14.39,12:10,370.0,3.5,1,False,
G4-03,Semirremolques de Gran Porte,B0132,bulk,22.98,12.67,12:20,380.9,4.5,3,False,
G4-04,Semirremolques de Gran Porte,B0214,bulk,13.25,9.48,07:17,77.9,3.5,1,False,
G4-04,Semirremolques de Gran Porte,B0189,bulk,12.55,7.65,07:29,89.8,4.0,2,False,
G4-04,Semirremolques de Gran Porte,B0179,bulk,12.21,6.72,07:38,98.1,4.0,2,True,
G4-04,Semirremolques de Gran Porte,B0211,bulk,11.53,6.78,07:45,105.0,3.5,1,False,
G4-04,Semirremolques de Gran Porte,B0180,bulk,11.79,6.16,07:51,111.4,3.5,1,False,
G4-04,Semirremolques de Gran Porte,B0173,bulk,11.27,6.0,07:57,117.2,4.0,2,True,
G4-04,Semirremolques de Gran Porte,B0238,bulk,11.41,5.63,08:02,122.9,4.0,2,True,
G4-04,Semirremolques de Gran Porte,B0210,bulk,11.32,5.57,08:07,127.4,3.5,1,False,
G4-04,Semirremolques de Gran Porte,B0181,bulk,10.9,5.24,08:13,133.2,4.0,2,False,
G4-04,Semirremolques de Gran Porte,B0163,bulk,10.75,4.81,08:19,139.1,4.0,2,False,
G4-04,Semirremolques de Gran Porte,B0166,bulk,10.57,4.84,08:23,143.9,4.0,2,False,
G4-04,Semirremolques de Gran Porte,B0193,bulk,10.25,4.88,08:29,149.2,4.0,2,False,
G4-04,Semirremolques de Gran Porte,B0204,bulk,10.23,4.42,08:35,155.2,3.5,1,True,
G4-04,Semirremolques de Gran Porte,B0198,bulk,10.03,4.4,08:39,159.6,4.0,2,False,
G4-04,Semirremolques de Gran Porte,B0199,bulk,10.7,4.36,08:46,166.5,3.5,1,False,
G4-04,Semirremolques de Gran Porte,B0182,bulk,10.87,4.36,08:50,170.7,4.5,3,False,
G4-04,Semirremolques de Gran Porte,B0249,bulk,10.85,4.06,08:56,176.5,3.5,1,False,
G4-04,Semirremolques de Gran Porte,B0187,bulk,10.44,3.38,09:03,183.4,4.5,3,True,
G4-04,Semirremolques de Gran Porte,B0175,bulk,10.24,3.33,09:08,188.7,3.5,1,True,
G4-04,Semirremolques de Gran Porte,B0195,bulk,10.74,2.43,09:16,196.7,4.0,2,True,
G4-04,Semirremolques de Gran Porte,B0164,bulk,9.11,3.36,09:28,208.7,3.5,1,False,
G4-04,Semirremolques de Gran Porte,B0170,bulk,8.82,4.35,09:36,216.6,3.5,1,False,
G4-04,Semirremolques de Gran Porte,B0160,bulk,9.01,5.03,09:43,223.2,3.5,1,False,
G4-04,Semirremolques de Gran Porte,B0168,bulk,8.99,5.42,09:48,228.3,4.0,2,False,
G4-04,Semirremolques de Gran Porte,B0190,bulk,9.79,5.23,09:55,235.8,4.0,2,True,
G4-04,Semirremolques de Gran Porte,B0162,bulk,9.96,5.88,10:02,242.7,4.0,2,False,
G4-04,Semirremolques de Gran Porte,B0235,bulk,10.34,5.96,10:08,248.4,4.0,2,False,
G4-04,Semirremolques de Gran Porte,B0171,bulk,10.46,5.93,10:12,252.9,3.5,1,False,
G4-04,Semirremolques de Gran Porte,B0172,bulk,10.32,6.09,10:17,257.3,3.5,1,True,
G4-04,Semirremolques de Gran Porte,B0239,bulk,10.15,6.24,10:21,261.8,3.5,1,False,
G4-04,Semirremolques de Gran Porte,B0228,bulk,9.72,6.37,10:27,267.2,3.5,1,False,
G4-04,Semirremolques de Gran Porte,B0191,bulk,9.66,6.25,10:31,271.4,3.5,1,False,
G4-04,Semirremolques de Gran Porte,B0244,bulk,9.98,6.77,10:37,277.5,4.0,2,False,
G4-04,Semirremolques de Gran Porte,B0196,bulk,10.3,6.88,10:42,282.9,3.5,1,False,
G4-04,Semirremolques de Gran Porte,B0223,bulk,10.64,6.93,10:47,287.9,3.5,1,False,
G4-04,Semirremolques de Gran Porte,B0201,bulk,10.83,6.85,10:52,292.3,4.0,2,True,
G4-04,Semirremolques de Gran Porte,B0212,bulk,10.76,7.43,10:58,298.8,4.0,2,True,
G4-04,Semirremolques de Gran Porte,B0178,bulk,10.64,7.86,11:04,304.7,3.5,1,False,
G4-04,Semirremolques de Gran Porte,B0208,bulk,10.09,8.1,11:10,310.8,3.5,1,False,
G4-04,Semirremolques de Gran Porte,B0186,bulk,9.58,8.02,11:16,316.5,4.0,2,False,
G4-04,Semirremolques de Gran Porte,B0183,bulk,9.96,7.6,11:22,323.0,3.5,1,False,
G4-04,Semirremolques de Gran Porte,B0192,bulk,9.75,7.02,11:29,329.1,4.0,2,True,
G4-04,Semirremolques de Gran Porte,B0203,bulk,9.65,6.89,11:33,333.8,3.5,1,True,
G4-04,Semirremolques de Gran Porte,B0165,bulk,9.3,6.94,11:38,338.8,4.0,2,False,
G4-04,Semirremolques de Gran Porte,B0158,bulk,9.33,7.5,11:45,345.3,3.5,1,False,
G4-04,Semirremolques de Gran Porte,B0200,bulk,8.77,7.61,11:51,351.2,3.5,1,False,
G4-04,Semirremolques de Gran Porte,B0184,bulk,9.02,8.47,11:58,358.6,4.0,2,False,
G4-04,Semirremolques de Gran Porte,B0205,bulk,7.93,8.27,12:07,367.3,4.0,2,False,
G4-04,Semirremolques de Gran Porte,B0177,bulk,8.37,9.59,12:17,377.3,3.5,1,False,
G4-04,Semirremolques de Gran Porte,B0176,bulk,10.56,9.0,12:30,390.5,4.5,3,True,
G4-04,Semirremolques de Gran Porte,B0188,bulk,11.02,9.02,12:36,397.0,4.0,2,False,
G4-04,Semirremolques de Gran Porte,B0242,bulk,11.6,7.97,12:46,406.1,4.0,2,False,
G4-04,Semirremolques de Gran Porte,B0254,bulk,11.18,4.88,13:03,423.5,4.0,2,False,
G4-04,Semirremolques de Gran Porte,B0202,bulk,8.12,4.46,13:20,440.7,4.0,2,False,
G4-04,Semirremolques de Gran Porte,B0197,bulk,7.76,4.61,13:26,446.4,4.0,2,False,
G4-04,Semirremolques de Gran Porte,B0157,bulk,7.97,5.16,13:32,452.9,3.5,1,False,
G4-05,Semirremolques de Gran Porte,B0206,bulk,13.61,8.5,07:29,89.5,4.0,2,False,
G4-05,Semirremolques de Gran Porte,B0251,bulk,13.32,7.74,07:36,97.0,4.5,3,False,
G4-05,Semirremolques de Gran Porte,B0218,bulk,12.69,7.65,07:44,104.2,4.0,2,False,
G4-05,Semirremolques de Gran Porte,B0213,bulk,13.39,7.02,07:52,112.2,3.5,1,False,
G4-05,Semirremolques de Gran Porte,B0226,bulk,13.65,6.76,07:57,117.3,3.5,1,False,
G4-05,Semirremolques de Gran Porte,B0250,bulk,14.02,6.34,08:03,123.1,4.0,2,False,
G4-05,Semirremolques de Gran Porte,B0220,bulk,13.21,6.17,08:10,130.7,4.5,3,False,
G4-05,Semirremolques de Gran Porte,B0258,bulk,12.93,5.85,08:16,137.0,3.5,1,False,
G4-05,Semirremolques de Gran Porte,B0222,bulk,13.12,5.7,08:21,141.5,4.5,3,False,
G4-05,Semirremolques de Gran Porte,B0169,bulk,13.18,5.22,08:28,148.1,4.5,3,False,
G4-05,Semirremolques de Gran Porte,B0174,bulk,12.99,4.94,08:34,154.0,4.0,2,True,
G4-05,Semirremolques de Gran Porte,B0230,bulk,12.85,4.59,08:39,159.6,4.5,3,False,
G4-05,Semirremolques de Gran Porte,B0246,bulk,12.41,4.9,08:46,166.4,3.5,1,False,
G4-05,Semirremolques de Gran Porte,B0231,bulk,12.15,5.07,08:51,171.3,4.0,2,True,
G4-05,Semirremolques de Gran Porte,B0159,bulk,11.94,5.56,08:57,177.6,3.5,1,False,
G4-05,Semirremolques de Gran Porte,B0229,bulk,11.93,5.59,09:01,181.2,4.0,2,False,
G4-05,Semirremolques de Gran Porte,B0241,bulk,12.4,5.81,09:07,187.4,4.0,2,False,
G4-05,Semirremolques de Gran Porte,B0237,bulk,12.73,6.69,09:15,195.4,4.5,3,False,
G4-05,Semirremolques de Gran Porte,B0256,bulk,13.54,5.41,09:26,206.4,4.5,3,False,
G4-05,Semirremolques de Gran Porte,B0255,bulk,13.91,5.43,09:32,212.5,3.5,1,False,
G4-05,Semirremolques de Gran Porte,B0245,bulk,14.26,5.43,09:37,217.5,3.5,1,False,
G4-05,Semirremolques de Gran Porte,B0219,bulk,14.7,4.94,09:43,223.9,4.0,2,False,
G4-05,Semirremolques de Gran Porte,B0259,bulk,14.53,4.69,09:49,229.1,4.0,2,False,
G4-05,Semirremolques de Gran Porte,B0216,bulk,14.58,4.3,09:54,234.8,3.5,1,False,
G4-05,Semirremolques de Gran Porte,B0227,bulk,14.49,4.17,09:59,239.0,3.5,1,False,
G4-05,Semirremolques de Gran Porte,B0217,bulk,14.03,4.55,10:05,245.1,4.5,3,True,
G4-05,Semirremolques de Gran Porte,B0236,bulk,13.63,3.88,10:12,252.9,4.0,2,True,
G4-05,Semirremolques de Gran Porte,B0234,bulk,13.56,3.89,10:17,257.2,4.0,2,False,
G4-05,Semirremolques de Gran Porte,B0252,bulk,13.39,3.55,10:22,262.8,3.5,1,False,
G4-05,Semirremolques de Gran Porte,B0221,bulk,13.15,3.69,10:27,267.5,4.0,2,False,
G4-05,Semirremolques de Gran Porte,B0232,bulk,12.8,3.39,10:33,273.5,4.0,2,False,
G4-05,Semirremolques de Gran Porte,B0185,bulk,12.28,3.78,10:40,280.3,4.5,3,False,
G4-05,Semirremolques de Gran Porte,B0215,bulk,12.13,3.98,10:45,285.9,4.5,3,False,
G4-05,Semirremolques de Gran Porte,B0207,bulk,11.86,3.35,10:53,293.3,3.5,1,False,
G4-05,Semirremolques de Gran Porte,B0194,bulk,11.72,3.23,10:57,297.6,3.5,1,False,
G4-05,Semirremolques de Gran Porte,B0167,bulk,11.32,3.38,11:02,302.9,4.5,3,False,
G4-05,Semirremolques de Gran Porte,B0253,bulk,11.29,3.65,11:08,308.6,3.5,1,False,
G4-05,Semirremolques de Gran Porte,B0161,bulk,11.63,2.64,11:16,316.7,4.0,2,False,
G4-05,Semirremolques de Gran Porte,B0243,bulk,11.36,2.31,11:22,322.5,4.0,2,False,
G4-05,Semirremolques de Gran Porte,B0260,bulk,13.1,1.51,11:34,334.8,3.5,1,False,
G4-05,Semirremolques de Gran Porte,B0248,bulk,13.51,3.15,11:45,345.5,3.5,1,False,
G4-05,Semirremolques de Gran Porte,B0233,bulk,15.55,4.5,11:59,359.5,4.5,3,False,
G4-05,Semirremolques de Gran Porte,B0247,bulk,15.51,5.05,12:06,366.3,4.0,2,False,
G4-05,Semirremolques de Gran Porte,B0209,bulk,16.03,5.63,12:13,373.7,4.0,2,False,
G4-05,Semirremolques de Gran Porte,B0240,bulk,16.17,4.45,12:22,382.8,3.5,1,False,
G4-05,Semirremolques de Gran Porte,B0257,bulk,15.91,3.83,12:29,389.2,4.5,3,True,
G4-05,Semirremolques de Gran Porte,B0224,bulk,15.9,1.72,12:42,402.7,4.5,3,False,
G4-05,Semirremolques de Gran Porte,B0225,bulk,14.74,6.77,13:09,429.4,3.5,1,False,
G5-01,Furgones Refrigerados,R0027,refrigerated,17.61,18.63,06:58,58.6,5,2,False,
G5-01,Furgones Refrigerados,R0151,refrigerated,17.76,18.94,07:05,65.0,6,3,False,247.1490344937161;400.3323448106503;300.2327594496254
G5-01,Furgones Refrigerados,R0022,refrigerated,18.12,18.37,07:13,73.7,4,1,False,347.3114518494307
G5-01,Furgones Refrigerados,R0031,refrigerated,18.5,18.31,07:19,79.2,4,1,False,339.3687244798414
G5-01,Furgones Refrigerados,R0012,refrigerated,18.61,18.98,07:25,86.0,4,1,False,241.13211918086753
G5-01,Furgones Refrigerados,R0033,refrigerated,18.57,19.6,07:32,92.4,4,1,False,330.4658259512432
G5-01,Furgones Refrigerados,R0004,refrigerated,18.53,19.68,07:36,96.8,6,3,False,392.74560137947265;195.18812250751378
G5-01,Furgones Refrigerados,R0023,refrigerated,18.33,19.57,07:43,103.7,5,2,False,208.2404560414849;208.2404560414849
G5-01,Furgones Refrigerados,R0037,refrigerated,18.42,20.08,07:50,110.8,5,2,False,333.93602914800977;333.93602914800977
G5-01,Furgones Refrigerados,R0017,refrigerated,18.98,19.63,07:58,118.6,4,1,False,252.0517146763258
G5-01,Furgones Refrigerados,R0030,refrigerated,19.54,20.07,08:05,125.5,6,3,False,215.37293547453243;369.14090218335167;391.2923147883327
G5-01,Furgones Refrigerados,R0021,refrigerated,19.78,20.04,08:12,132.5,6,3,False,324.86609634876294;288.28775742630125;342.0582457438139
G5-01,Furgones Refrigerados,R0001,refrigerated,19.93,20.12,08:19,139.2,5,2,False,
G5-01,Furgones Refrigerados,R0024,refrigerated,20.03,20.09,08:24,144.6,4,1,False,380.96986426738613
G5-01,Furgones Refrigerados,R0020,refrigerated,19.81,20.44,08:30,150.3,5,2,False,411.0643824710519;238.89348457624666
G5-01,Furgones Refrigerados,R0034,refrigerated,20.06,20.61,08:36,156.5,5,2,False,194.3215240580516;341.19743536680085
G5-01,Furgones Refrigerados,R0002,refrigerated,20.07,20.76,08:42,162.1,6,3,False,286.8145472671167;334.9853077962138;336.87023345660185
G5-01,Furgones Refrigerados,R0014,refrigerated,20.29,21.5,08:51,171.1,4,1,False,360.7965431004723
G5-01,Furgones Refrigerados,R0010,refrigerated,20.37,21.6,08:55,175.7,4,1,False,371.6965316063629
G5-01,Furgones Refrigerados,R0018,refrigerated,20.47,21.64,09:00,180.1,5,2,False,
G5-01,Furgones Refrigerados,R0016,refrigerated,19.48,21.56,09:09,189.1,4,1,False,288.6238466817367
G5-01,Furgones Refrigerados,R0035,refrigerated,18.97,21.21,09:15,195.6,5,2,False,210.55832412129485;361.3032400047978
G5-01,Furgones Refrigerados,R0019,refrigerated,19.18,20.84,09:22,202.3,5,2,False,328.85561385268403
G5-01,Furgones Refrigerados,R0007,refrigerated,17.63,19.8,09:34,214.8,5,2,False,358.2062316786549;358.2062316786549
G5-01,Furgones Refrigerados,R0133,refrigerated,19.22,18.44,09:48,228.2,5,2,False,396.199425555096;295.0372023486025
G5-01,Furgones Refrigerados,R0026,refrigerated,20.56,18.98,09:58,238.9,4,1,False,343.9279524986204
G5-01,Furgones Refrigerados,R0032,refrigerated,20.71,18.93,10:03,243.6,5,2,False,309.93667934899236;386.68451385590674
G5-01,Furgones Refrigerados,R0013,refrigerated,20.58,19.15,10:09,249.6,6,3,False,260.3759363100171;274.7905245836753;345.0722260801175
G5-01,Furgones Refrigerados,R0011,refrigerated,22.19,19.79,10:22,262.5,4,1,False,377.6264090877343
G5-01,Furgones Refrigerados,R0006,refrigerated,22.39,20.0,10:27,267.7,5,2,False,287.5173905080925;287.5173905080925
G5-01,Furgones Refrigerados,R0003,refrigerated,21.6,22.17,10:41,282.0,5,2,False,403.23018002315575;403.23018002315575
G5-01,Furgones Refrigerados,R0174,refrigerated,15.52,19.84,11:12,313.0,5,2,False,340.25192115105585
G5-02,Furgones Refrigerados,R0074,refrigerated,17.46,12.71,06:46,46.3,6,3,False,331.56588554073835;304.81158736217276
G5-02,Furgones Refrigerados,R0101,refrigerated,17.4,10.66,07:00,60.5,5,2,False,296.0215504887045
G5-02,Furgones Refrigerados,R0043,refrigerated,19.16,10.62,07:12,72.6,5,2,False,357.7094661250095;382.8917445058862
G5-02,Furgones Refrigerados,R0050,refrigerated,19.74,10.68,07:19,79.9,4,1,False,353.8028373336689
G5-02,Furgones Refrigerados,R0046,refrigerated,19.98,10.74,07:24,84.9,5,2,False,185.52638150679698;390.03521118867764
G5-02,Furgones Refrigerados,R0042,refrigerated,19.9,10.94,07:30,90.7,4,1,False,
G5-02,Furgones Refrigerados,R0056,refrigerated,20.0,10.5,07:36,96.5,4,1,False,366.97423600412094
G5-02,Furgones Refrigerados,R0048,refrigerated,20.0,10.29,07:41,101.4,5,2,False,245.79402431624945;245.79402431624945
G5-02,Furgones Refrigerados,R0066,refrigerated,20.37,10.14,07:47,108.0,5,2,False,323.5767518769819;323.5767518769819
G5-02,Furgones Refrigerados,R0065,refrigerated,20.45,10.65,07:55,115.0,4,1,False,269.76855406722905
G5-02,Furgones Refrigerados,R0041,refrigerated,20.63,10.97,08:00,120.5,6,3,False,206.74368978310682;232.90502539571267;236.72695961899083
G5-02,Furgones Refrigerados,R0076,refrigerated,20.7,11.34,08:08,128.0,5,2,False,377.77655866379496;377.77655866379496
G5-02,Furgones Refrigerados,R0073,refrigerated,21.42,11.31,08:15,135.9,4,1,False,395.8572745491334
G5-02,Furgones Refrigerados,R0068,refrigerated,21.39,10.83,08:21,141.8,6,3,False,290.4698330407007;209.5914707485432;367.03389027355263
G5-02,Furgones Refrigerados,R0053,refrigerated,21.91,10.33,08:30,150.7,4,1,False,403.6824224981284
G5-02,Furgones Refrigerados,R0061,refrigerated,21.73,10.01,08:36,156.1,6,3,False,385.90244024943115;385.90244024943115;251.88431091360465
G5-02,Furgones Refrigerados,R0054,refrigerated,21.43,9.6,08:44,164.2,5,2,False,389.2344261865693
G5-02,Furgones Refrigerados,R0055,refrigerated,20.72,9.54,08:52,172.0,6,3,False,351.0069753117218
G5-02,Furgones Refrigerados,R0062,refrigerated,20.22,9.44,09:00,180.1,4,1,False,333.22888210477976
G5-02,Furgones Refrigerados,R0040,refrigerated,20.23,9.19,09:05,185.1,4,1,False,
G5-02,Furgones Refrigerados,R0052,refrigerated,19.88,8.69,09:11,191.5,4,1,False,201.593400312253
G5-02,Furgones Refrigerados,R0075,refrigerated,19.86,9.89,09:20,200.3,5,2,False,413.4626747207823
G5-02,Furgones Refrigerados,R0045,refrigerated,21.11,12.07,09:35,215.4,5,2,False,323.931920259457;350.982002814054
G5-02,Furgones Refrigerados,R0044,refrigerated,21.26,12.03,09:41,221.0,4,1,False,
G5-02,Furgones Refrigerados,R0051,refrigerated,21.13,12.42,09:46,226.6,5,2,False,419.3037794706686;323.78525292444806
G5-02,Furgones Refrigerados,R0063,refrigerated,21.32,12.57,09:52,232.6,4,1,False,370.5025261079767
G5-02,Furgones Refrigerados,R0064,refrigerated,21.02,12.77,09:58,238.1,5,2,False,296.8262000070319;279.79200653961607
G5-02,Furgones Refrigerados,R0072,refrigerated,20.94,12.76,10:03,243.4,4,1,False,292.3935876759303
G5-02,Furgones Refrigerados,R0128,refrigerated,21.72,13.08,10:10,250.7,5,2,False,354.1785226683162;380.3391349674936
G5-02,Furgones Refrigerados,R0060,refrigerated,22.0,13.39,10:17,257.4,5,2,False,306.0121884345177;352.40540535025787
G5-02,Furgones Refrigerados,R0058,refrigerated,22.39,12.98,10:24,264.7,4,1,False,367.95778920521207
G5-02,Furgones Refrigerados,R0071,refrigerated,23.25,10.73,10:38,278.3,4,1,False,417.8463597289829
G5-02,Furgones Refrigerados,R0059,refrigerated,22.8,9.34,10:48,288.2,5,2,False,333.63266874434487;290.5854490916008
G5-02,Furgones Refrigerados,R0047,refrigerated,23.99,9.02,10:58,298.1,5,2,False,347.7429229318114
G5-03,Furgones Refrigerados,R0088,refrigerated,14.8,10.53,06:59,59.7,6,3,False,189.46205637744515;189.46205637744515;411.6205801817863
G5-03,Furgones Refrigerados,R0109,refrigerated,15.24,8.76,07:12,73.0,6,3,False,357.8626371360781;393.9365699475594
G5-03,Furgones Refrigerados,R0093,refrigerated,15.24,8.58,07:19,79.7,5,2,False,207.8091982398639;310.81518111724114
G5-03,Furgones Refrigerados,R0081,refrigerated,15.3,7.89,07:27,87.5,4,1,False,262.8205544937647
G5-03,Furgones Refrigerados,R0083,refrigerated,15.71,7.98,07:33,93.2,6,3,False,375.78748642249377;375.78748642249377;375.78748642249377
G5-03,Furgones Refrigerados,R0100,refrigerated,15.46,7.47,07:41,101.5,6,3,False,412.6613076805648;305.3008100066506;264.331820064406
G5-03,Furgones Refrigerados,R0110,refrigerated,15.24,7.43,07:48,108.4,4,1,False,321.80492509542194
G5-03,Furgones Refrigerados,R0087,refrigerated,15.22,7.17,07:53,113.4,6,3,False,356.7709113551124;356.7709113551124
G5-03,Furgones Refrigerados,R0085,refrigerated,14.87,6.66,08:01,121.9,4,1,False,246.68695433254283
G5-03,Furgones Refrigerados,R0108,refrigerated,14.95,6.57,08:06,126.4,4,1,False,251.32953627047434
G5-03,Furgones Refrigerados,R0091,refrigerated,15.24,6.46,08:11,131.6,4,1,False,
G5-03,Furgones Refrigerados,R0103,refrigerated,15.17,6.21,08:16,136.7,6,3,False,298.64289799973676
G5-03,Furgones Refrigerados,R0105,refrigerated,15.57,6.62,08:24,145.0,5,2,False,277.6490110565404
G5-03,Furgones Refrigerados,R0084,refrigerated,15.75,6.43,08:31,151.0,4,1,False,
G5-03,Furgones Refrigerados,R0107,refrigerated,16.59,7.3,08:39,159.8,6,3,False,243.40796429157038;372.08918108732496;309.91351946527936
G5-03,Furgones Refrigerados,R0096,refrigerated,16.39,7.56,08:47,167.1,5,2,False,363.62224805070423;198.29418536927747
G5-03,Furgones Refrigerados,R0106,refrigerated,16.44,7.94,08:53,173.7,4,1,False,
G5-03,Furgones Refrigerados,R0078,refrigerated,16.05,8.55,09:00,180.6,5,2,False,258.3863160798799;321.0439429434686
G5-03,Furgones Refrigerados,R0095,refrigerated,16.85,8.78,09:08,188.9,4,1,False,341.2346081562504
G5-03,Furgones Refrigerados,R0098,refrigerated,17.2,6.95,09:20,200.4,5,2,False,363.8399502668225;246.7921360471791
G5-03,Furgones Refrigerados,R0113,refrigerated,14.4,7.99,09:37,217.3,4,1,False,
G5-03,Furgones Refrigerados,R0094,refrigerated,14.07,7.89,09:42,222.7,4,1,False,295.167483724399
G5-03,Furgones Refrigerados,R0086,refrigerated,14.15,7.52,09:48,228.2,4,1,False,350.7276523285442
G5-03,Furgones Refrigerados,R0104,refrigerated,14.13,7.27,09:53,233.2,6,3,False,380.45441085948994;386.07765932066604;241.9875362200022
G5-03,Furgones Refrigerados,R0097,refrigerated,13.86,7.49,10:00,240.6,4,1,False,366.8795688814034
G5-03,Furgones Refrigerados,R0077,refrigerated,13.68,7.65,10:05,245.6,6,3,False,248.0872858143456;288.6020285345648;288.6020285345648
G5-03,Furgones Refrigerados,R0092,refrigerated,13.83,6.88,10:14,254.7,5,2,False,388.45102242099745;339.1954065284652
G5-03,Furgones Refrigerados,R0114,refrigerated,13.61,6.74,10:20,260.8,5,2,False,414.6758027934028
G5-03,Furgones Refrigerados,R0112,refrigerated,11.73,6.99,10:33,273.4,5,2,False,366.30295486779244;340.05174885113445
G5-03,Furgones Refrigerados,R0082,refrigerated,11.1,7.86,10:42,282.6,4,1,False,299.428062671728
G5-03,Furgones Refrigerados,R0089,refrigerated,10.74,7.65,10:48,288.3,4,1,False,
G5-03,Furgones Refrigerados,R0099,refrigerated,11.74,3.73,11:08,308.5,4,1,False,
G5-04,Furgones Refrigerados,R0135,refrigerated,17.4,16.26,06:37,37.5,5,2,False,297.72200498028695;201.4519420587213
G5-04,Furgones Refrigerados,R0143,refrigerated,18.54,16.45,06:47,47.1,6,3,False,236.5924258464081;338.71773728549107;190.04955688573713
G5-04,Furgones Refrigerados,R0152,refrigerated,19.02,15.34,06:57,58.0,4,1,False,326.4228573413253
G5-04,Furgones Refrigerados,R0038,refrigerated,19.94,16.31,07:07,67.3,5,2,False,407.63902629002075;346.8598948005217
G5-04,Furgones Refrigerados,R0136,refrigerated,20.0,16.46,07:12,73.0,4,1,False,357.05786662126707
G5-04,Furgones Refrigerados,R0131,refrigerated,20.11,16.37,07:17,77.6,6,3,False,342.5140187696203;342.5140187696203;342.5140187696203
G5-04,Furgones Refrigerados,R0137,refrigerated,20.25,16.38,07:24,84.1,5,2,False,187.94546979453463;374.3033958490313
G5-04,Furgones Refrigerados,R0149,refrigerated,20.31,16.33,07:29,89.4,5,2,False,389.6266061796764;265.1222597589642
G5-04,Furgones Refrigerados,R0115,refrigerated,20.24,16.57,07:35,95.5,4,1,False,245.23490642667247
G5-04,Furgones Refrigerados,R0145,refrigerated,20.7,17.03,07:42,102.1,6,3,False,209.37851047262785;307.02951146097104;307.02951146097104
G5-04,Furgones Refrigerados,R0141,refrigerated,20.77,17.22,07:48,108.8,4,1,False,190.1903599156981
G5-04,Furgones Refrigerados,R0025,refrigerated,20.69,17.36,07:53,113.5,4,1,False,336.92916853203167
G5-04,Furgones Refrigerados,R0129,refrigerated,20.35,17.4,07:58,118.9,5,2,False,181.8294707024845;181.8294707024845
G5-04,Furgones Refrigerados,R0005,refrigerated,19.94,17.45,08:05,125.5,6,3,False,299.38162463752184;190.56809065927868;295.00108337884893
G5-04,Furgones Refrigerados,R0036,refrigerated,19.41,17.34,08:13,133.7,4,1,False,323.95722811981557
G5-04,Furgones Refrigerados,R0148,refrigerated,20.84,17.73,08:23,143.6,4,1,False,382.8095046192188
G5-04,Furgones Refrigerados,R0028,refrigerated,20.98,17.74,08:28,148.2,6,3,False,350.0181135985408;188.0488466243187;390.66744616388445
G5-04,Furgones Refrigerados,R0116,refrigerated,21.04,16.81,08:37,157.9,6,3,False,409.71699157621015;409.84295130094335;409.84295130094335
G5-04,Furgones Refrigerados,R0140,refrigerated,21.26,16.72,08:44,164.9,5,2,False,398.4608634137877
G5-04,Furgones Refrigerados,R0119,refrigerated,21.34,16.34,08:51,171.4,5,2,False,393.6616967526985
G5-04,Furgones Refrigerados,R0125,refrigerated,21.17,15.81,08:58,178.7,6,3,False,345.35920729115276;382.091232221513;201.29044444030603
G5-04,Furgones Refrigerados,R0132,refrigerated,20.38,15.26,09:08,188.5,6,3,False,380.805607071012;380.805607071012;365.4139361419339
G5-04,Furgones Refrigerados,R0139,refrigerated,21.03,14.2,09:19,199.5,6,3,False,309.3675213710327;352.61409786303386;300.964822135461
G5-04,Furgones Refrigerados,R0121,refrigerated,20.79,13.76,09:27,207.5,4,1,False,419.029452929405
G5-04,Furgones Refrigerados,R0049,refrigerated,20.3,13.48,09:33,213.8,4,1,False,351.13672041911
G5-04,Furgones Refrigerados,R0130,refrigerated,19.83,14.12,09:40,220.9,4,1,False,284.30843036637987
G5-04,Furgones Refrigerados,R0124,refrigerated,19.67,14.08,09:45,225.6,5,2,False,230.18026487854056;230.18026487854056
G5-04,Furgones Refrigerados,R0134,refrigerated,22.44,14.3,10:01,241.7,6,3,False,309.3660894795639;325.6563351339171;309.0159525159654
G5-04,Furgones Refrigerados,R0123,refrigerated,22.95,15.53,10:12,253.0,4,1,False,
G5-04,Furgones Refrigerados,R0120,refrigerated,23.53,16.0,10:19,260.0,5,2,False,260.02300410238007;315.6381509827232
G5-04,Furgones Refrigerados,R0144,refrigerated,22.57,16.68,10:29,269.7,6,3,False,324.5046040821533;324.5046040821533;324.5046040821533
G5-04,Furgones Refrigerados,R0126,refrigerated,21.85,16.66,10:38,278.6,6,3,False,404.3171585027569;415.3691761980172;415.3691761980172
G5-04,Furgones Refrigerados,R0118,refrigerated,22.68,17.56,10:49,289.5,5,2,False,295.44462059751595;347.0464643322108
G5-04,Furgones Refrigerados,R0117,refrigerated,21.91,17.99,10:58,298.0,4,1,False,
G5-05,Furgones Refrigerados,R0188,refrigerated,13.83,19.12,06:55,55.4,4,1,False,
G5-05,Furgones Refrigerados,R0189,refrigerated,12.7,19.42,07:04,64.1,4,1,False,
G5-05,Furgones Refrigerados,R0176,refrigerated,12.67,18.92,07:10,70.1,4,1,False,199.2250644440077
G5-05,Furgones Refrigerados,R0180,refrigerated,11.77,19.1,07:17,77.7,5,2,False,403.53278931534317
G5-05,Furgones Refrigerados,R0173,refrigerated,11.15,19.19,07:25,85.2,4,1,False,237.7441917436323
G5-05,Furgones Refrigerados,R0177,refrigerated,10.69,19.15,07:31,91.1,6,3,False,365.6770369598672;365.6770369598672;333.000691437364
G5-05,Furgones Refrigerados,R0163,refrigerated,10.63,19.34,07:37,97.9,6,3,False,230.8705798990979;268.9350779978047;418.3657203277262
G5-05,Furgones Refrigerados,R0184,refrigerated,10.52,19.7,07:45,105.4,6,3,False,220.48645889382;190.32030160381538;288.41727412621435
G5-05,Furgones Refrigerados,R0185,refrigerated,9.88,19.61,07:53,113.9,6,3,False,214.02557892509003;224.7955979261015;376.9523684781666
G5-05,Furgones Refrigerados,R0153,refrigerated,10.3,18.83,08:03,123.5,5,2,False,209.56167495997238;234.20258086565048
G5-05,Furgones Refrigerados,R0161,refrigerated,10.66,18.25,08:11,131.2,5,2,False,383.38361171234277;416.14077065794254
G5-05,Furgones Refrigerados,R0186,refrigerated,10.67,18.18,08:16,136.5,6,3,False,413.6828137991447;355.49484673758604;355.49484673758604
G5-05,Furgones Refrigerados,R0158,refrigerated,11.47,20.07,08:30,150.7,4,1,False,
G5-05,Furgones Refrigerados,R0162,refrigerated,11.25,20.34,08:36,156.1,5,2,False,313.0873721926671;236.98216165939607
G5-05,Furgones Refrigerados,R0160,refrigerated,11.6,20.44,08:42,162.5,4,1,False,192.49249723684372
G5-05,Furgones Refrigerados,R0166,refrigerated,12.13,20.78,08:49,169.1,4,1,False,272.1837216081208
G5-05,Furgones Refrigerados,R0171,refrigerated,11.61,21.08,08:55,175.5,5,2,False,363.14526443252953;312.14734801489215
G5-05,Furgones Refrigerados,R0165,refrigerated,11.37,21.28,09:01,181.7,5,2,False,362.27871465738536;362.27871465738536
G5-05,Furgones Refrigerados,R0179,refrigerated,11.12,21.28,09:07,187.7,6,3,False,359.00712467273775;191.4468276178523;243.2510090280802
G5-05,Furgones Refrigerados,R0183,refrigerated,10.79,20.91,09:15,195.7,5,2,False,298.9795402516951;197.84064869535064
G5-05,Furgones Refrigerados,R0168,refrigerated,10.22,20.99,09:22,203.0,5,2,False,410.55072773253147;217.20019590495903
G5-05,Furgones Refrigerados,R0154,refrigerated,10.36,22.0,09:32,212.1,5,2,False,419.26389349808517;324.47149963233335
G5-05,Furgones Refrigerados,R0181,refrigerated,10.24,22.29,09:38,218.3,5,2,False,383.8909166981772
G5-05,Furgones Refrigerados,R0156,refrigerated,10.77,21.93,09:45,225.9,4,1,False,277.7395032775421
G5-05,Furgones Refrigerados,R0190,refrigerated,9.43,22.24,09:55,235.4,4,1,False,381.7633584218149
G5-05,Furgones Refrigerados,R0159,refrigerated,9.06,20.62,10:06,246.0,5,2,False,358.8387111655237
G5-05,Furgones Refrigerados,R0187,refrigerated,7.89,18.78,10:19,259.7,6,3,False,419.0196156235486;357.308512371037;276.66753473415133
G5-05,Furgones Refrigerados,R0170,refrigerated,12.52,21.32,10:46,286.8,6,3,False,326.40168327238837
G5-05,Furgones Refrigerados,R0172,refrigerated,13.19,22.2,10:57,297.3,6,3,False,344.5610562842254;415.31378732411736
